s.no,name,age,workclass,income,other assets,house value,lib,house loan,if yes value,40inc,asset worth,total worth,net worth
1,aadhvika,25,Private,226802,4.98,40,15.3,no,0,90720.8,4588720.8,3058720.8,3058720.8
2,aadhya,38,Private,124144,9.14,50,17.8,no,0,49657.6,5963657.6,4183657.6,4183657.6
3,aadhyan,28,Local-gov,336951,4.03,40,17.8,no,0,134780.4,4537780.4,2757780.4,2757780.4
4,aadhyareddy,44,Private,160323,2.94,40,18.7,no,0,64129.2,4358129.2,2488129.2,2488129.2
5,aadhyasri,18,?,103497,5.33,30,18.7,yes,15,41398.8,3574398.8,1704398.8,204398.8
6,aadi,34,Private,198693,5.21,30,18.7,no,0,79477.2,3600477.2,1730477.2,1730477.2
7,aadian,29,?,227026,12.43,40,15.2,no,0,90810.4,5333810.4,3813810.4,3813810.4
8,aadil,63,Self-emp-not-inc,104626,19.15,32,15.2,no,0,41850.4,5156850.4,3636850.4,3636850.4
9,aadila,24,Private,369667,29.93,40,15.2,no,0,147866.8,7140866.8,5620866.8,5620866.8
10,aadilynn,55,Private,104996,17.1,10,15.2,no,0,41998.4,2751998.4,1231998.4,1231998.4
11,aadin,65,Private,184454,20.45,40,15.2,no,0,73781.6,6118781.6,4598781.6,4598781.6
12,aadirath,36,Federal-gov,212465,13.27,40,15.2,no,0,84986,5411986,3891986,3891986
13,aadish,26,Private,132413,15.71,39,15.2,yes,20,52965.2,5523965.2,4003965.2,2003965.2
14,aadishiv,58,?,299831,8.26,35,21,no,0,119932.4,4445932.4,2345932.4,2345932.4
15,aadison,48,Private,279724,10.26,48,21,no,0,111889.6,5937889.6,3837889.6,3837889.6
16,aadit,43,Private,346189,8.47,50,21,yes,25,138475.6,5985475.6,3885475.6,1385475.6
17,aadith,20,State-gov,444554,6.58,25,21,no,0,177821.6,3335821.6,1235821.6,1235821.6
18,aadithya,43,Private,128354,14.67,30,21,yes,15,51341.6,4518341.6,2418341.6,918341.6
19,aaditiya,37,Private,141344,11.69,20,21,yes,10,56537.6,3225537.6,1125537.6,125537.6
20,aaditri,40,Private,134144,11.28,45,21,no,0,53657.6,5681657.6,3581657.6,3581657.6
21,aaditya,34,Private,107914,21.02,47,21,no,0,43165.6,6845165.6,4745165.6,4745165.6
22,aadityaram,34,Private,238588,13.83,35,21,no,0,95435.2,4978435.2,2878435.2,2878435.2
23,aadiv,72,?,132015,18.72,6,21,no,0,52806,2524806,424806,424806
24,aadje,25,Private,220931,19.88,43,21,no,0,88372.4,6376372.4,4276372.4,4276372.4
25,aadm,25,Private,205947,16.3,40,21,no,0,82378.8,5712378.8,3612378.8,3612378.8
26,aadon,45,Self-emp-not-inc,432824,16.51,90,21,yes,40,173129.6,10824129.6,8724129.6,4724129.6
27,aadrian,22,Private,236427,14.81,20,21,no,0,94570.8,3575570.8,1475570.8,1475570.8
28,aadrika,23,Private,134446,17.28,54,21,no,0,53778.4,7181778.4,5081778.4,5081778.4
29,aadrit,54,Private,134134,12.8,35,21,no,0,53653.6,4833653.6,2733653.6,2733653.6
30,aadrith,32,Self-emp-not-inc,109282,11.98,60,21,no,0,43712.8,7241712.8,5141712.8,5141712.8
31,aadriti,46,State-gov,106444,22.6,38,21,no,0,42577.6,6102577.6,4002577.6,4002577.6
32,aadu,56,Self-emp-not-inc,186651,13.04,50,21,no,0,74660.4,6378660.4,4278660.4,4278660.4
33,aadvi,24,Self-emp-not-inc,188274,27.71,50,21,no,0,75309.6,7846309.6,5746309.6,5746309.6
34,aadvik,23,Local-gov,258120,18.35,40,21,no,0,103248,5938248,3838248,3838248
35,aadvika,26,Private,134134,20.34,40,21,no,0,53653.6,6087653.6,3987653.6,3987653.6
36,aadya,65,?,191846,9.68,40,19.2,no,0,76738.4,5044738.4,3124738.4,3124738.4
37,aadyan,36,Local-gov,403681,11.41,40,19.2,no,0,161472.4,5302472.4,3382472.4,3382472.4
38,aadyant,22,Private,248446,8.77,50,19.2,no,0,99378.4,5976378.4,4056378.4,4056378.4
39,aadyanth,17,Private,269430,10.13,40,19.2,no,0,107772,5120772,3200772,3200772
40,aadyn,20,Private,257509,4.32,40,18.3,no,0,103003.6,4535003.6,2705003.6,2705003.6
41,aaeedah,65,Private,136384,1.98,50,18.3,no,0,54553.6,5252553.6,3422553.6,3422553.6
42,aaeesha,44,Self-emp-inc,120277,4.84,45,17.9,no,0,48110.8,5032110.8,3242110.8,3242110.8
43,aaella,36,Private,465326,5.81,40,17.9,no,0,186130.4,4767130.4,2977130.4,2977130.4
44,aaeryn,29,Private,103634,7.44,40,17.9,yes,20,41453.6,4785453.6,2995453.6,995453.6
45,aaf,20,State-gov,138371,9.55,32,17.9,no,0,55348.4,4210348.4,2420348.4,2420348.4
46,aafi,28,Private,242832,10.21,36,17.9,no,0,97132.8,4718132.8,2928132.8,2928132.8
47,aafia,39,Private,290208,14.15,40,17.9,yes,23,116083.2,5531083.2,3741083.2,1441083.2
48,aafiya,54,Private,186272,18.8,50,17.9,yes,20,74508.8,6954508.8,5164508.8,3164508.8
49,aafiyah,52,Private,201062,30.81,18,17.9,no,0,80424.8,4961424.8,3171424.8,3171424.8
50,aafke,56,Self-emp-inc,131916,16.2,50,17.9,no,0,52766.4,6672766.4,4882766.4,4882766.4
51,aafkea,18,Private,134134,13.45,20,16.8,no,0,53653.6,3398653.6,1718653.6,1718653.6
52,aafko,39,Private,280215,9.43,40,16.8,yes,20,112086,5055086,3375086,1375086
53,aafreen,21,Private,214399,5.28,24,16.8,no,0,85759.6,3013759.6,1333759.6,1333759.6
54,aafrin,22,Private,134134,8.43,60,16.8,no,0,53653.6,6896653.6,5216653.6,5216653.6
55,aaftab,38,Private,219446,14.8,54,21.1,no,0,87778.4,6967778.4,4857778.4,4857778.4
56,aagam,21,Private,110677,4.81,40,17.9,no,0,44270.8,4525270.8,2735270.8,2735270.8
57,aagand,63,Private,145985,5.77,40,17.3,yes,20,58394,4635394,2905394,905394
58,aagat,34,Local-gov,382078,3.95,50,15.1,no,0,152831.2,5547831.2,4037831.2,4037831.2
59,aage,42,Self-emp-inc,170721,6.86,50,19.7,yes,25,68288.4,5754288.4,3784288.4,1284288.4
60,aagje,33,Private,269705,9.22,40,19.7,no,0,107882,5029882,3059882,3059882
61,aagman,30,Private,101135,13.15,50,19.7,no,0,40454,6355454,4385454,4385454
62,aagna,39,Private,118429,14.44,40,19.7,no,0,47371.6,5491371.6,3521371.6,3521371.6
63,aagot,26,Private,134134,6.73,40,19.7,no,0,53653.6,4726653.6,2756653.6,2756653.6
64,aagoth,33,Private,281384,9.5,40,19.7,no,0,112553.6,5062553.6,3092553.6,3092553.6
65,aahaan,47,Local-gov,171807,8.05,40,18.6,no,0,68722.8,4873722.8,3013722.8,3013722.8
66,aahad,41,Private,109912,4.67,40,16.1,no,0,43964.8,4510964.8,2900964.8,2900964.8
67,aahan,41,Self-emp-inc,445382,10.24,60,16.1,no,0,178152.8,7202152.8,5592152.8,5592152.8
68,aahana,19,Private,105460,8.1,20,18.9,no,0,42184,2852184,962184,962184
69,aaheli,46,Private,170338,13.09,40,18.9,no,0,68135.2,5377135.2,3487135.2,3487135.2
70,aahil,43,Private,102606,8.79,48,18.9,yes,20,41042.4,5720042.4,3830042.4,1830042.4
71,aahiluddin,55,Private,323887,6.72,45,19.2,no,0,129554.8,5301554.8,3381554.8,3381554.8
72,aahim,46,Private,175622,9.88,40,19.2,no,0,70248.8,5058248.8,3138248.8,3138248.8
73,aahir,30,Private,229636,5.52,40,19.2,no,0,91854.4,4643854.4,2723854.4,2723854.4
74,aahliyah,21,Private,388946,7.54,40,19.2,no,0,155578.4,4909578.4,2989578.4,2989578.4
75,aahna,46,Private,269034,6.78,40,18.7,no,0,107613.6,4785613.6,2915613.6,2915613.6
76,aahron,17,?,165361,8.94,40,18.7,no,0,66144.4,4960144.4,3090144.4,3090144.4
77,aahyan,41,Private,134314,11.97,50,18.7,no,0,53725.6,6250725.6,4380725.6,4380725.6
78,aaidah,69,Self-emp-inc,174379,10.27,30,18.7,no,0,69751.6,4096751.6,2226751.6,2226751.6
79,aaidan,50,Private,312477,12.34,40,18.7,no,0,124990.8,5358990.8,3488990.8,3488990.8
80,aaiden,20,Private,134314,9.1,40,18.7,no,0,53725.6,4963725.6,3093725.6,3093725.6
81,aaidyn,45,Self-emp-inc,134134,5.29,50,19,no,0,53653.6,5582653.6,3682653.6,3682653.6
82,aaila,23,Private,213734,7.22,40,19,no,0,85493.6,4807493.6,2907493.6,2907493.6
83,aailiyah,24,Private,134134,6.72,40,19,no,0,53653.6,4725653.6,2825653.6,2825653.6
84,aailyah,44,Self-emp-inc,223881,7.51,50,19,no,0,89552.4,5840552.4,3940552.4,3940552.4
85,aaima,31,Self-emp-not-inc,113752,9.62,50,18.5,yes,25,45500.8,6007500.8,4157500.8,1657500.8
86,aaina,43,Private,170482,6.53,44,18.5,no,0,68192.8,5121192.8,3271192.8,3271192.8
87,aaira,20,Federal-gov,244689,12.86,10,18.5,no,0,97875.6,2383875.6,533875.6,533875.6
88,aairah,55,Private,160631,8.44,56,18.5,yes,28,64252.4,6508252.4,4658252.4,1858252.4
89,aaisha,24,Federal-gov,228724,5.5,40,17.8,no,0,91489.6,4641489.6,2861489.6,2861489.6
90,aaishah,41,?,134314,5.7,10,17.8,no,0,53725.6,1623725.6,-156274.4,-156274.4
91,aaiyana,59,Private,292946,8.81,25,17.8,no,0,117178.4,3498178.4,1718178.4,1718178.4
92,aaiza,49,Federal-gov,134314,8.2,20,17.8,no,0,53725.6,2873725.6,1093725.6,1093725.6
93,aaizah,33,Private,176410,8.16,10,18.2,yes,5,70564,1886564,66564,-433436
94,aaja,59,Federal-gov,134134,6.21,40,18.2,no,0,53653.6,4674653.6,2854653.6,2854653.6
95,aajah,34,Private,198751,10.59,40,18.2,yes,10,79500.4,5138500.4,3318500.4,2318500.4
96,aajaylah,20,Private,479296,6.65,40,18,no,0,191718.4,4856718.4,3056718.4,3056718.4
97,aajiv,25,Private,235218,11.34,40,18,no,0,94087.2,5228087.2,3428087.2,3428087.2
98,aajon,49,Private,164877,4.21,40,18,no,0,65950.8,4486950.8,2686950.8,2686950.8
99,aakanksha,59,Private,272087,3.57,40,18,no,0,108834.8,4465834.8,2665834.8,2665834.8
100,aakarsh,20,Private,169699,6.19,40,18,no,0,67879.6,4686879.6,2886879.6,2886879.6
101,aakas,51,?,189762,9.42,18,20.9,no,0,75904.8,2817904.8,727904.8,727904.8
102,aakash,33,Private,202191,7.67,35,20.9,no,0,80876.4,4347876.4,2257876.4,2257876.4
103,aakeem,22,Private,212261,10.63,39,20.9,no,0,84904.4,5047904.4,2957904.4,2957904.4
104,aakif,58,Self-emp-not-inc,301568,13.44,40,20.9,no,0,120627.2,5464627.2,3374627.2,3374627.2
105,aakifa,52,Local-gov,155233,12.33,28,20.9,no,0,62093.2,4095093.2,2005093.2,2005093.2
106,aakifah,36,Private,134134,16.47,40,20.9,no,0,53653.6,5700653.6,3610653.6,3610653.6
107,aakil,41,Local-gov,201520,18.66,40,20.9,no,0,80608,5946608,3856608,3856608
108,aakilah,28,Private,154236,14.09,40,20.9,no,0,61694.4,5470694.4,3380694.4,3380694.4
109,aakin,19,Private,289227,12.27,16,20.9,no,0,115690.8,2942690.8,852690.8,852690.8
110,aakira,18,Private,217439,15.55,28,20.9,yes,14,86975.6,4441975.6,2351975.6,951975.6
111,aakiyah,18,Private,179020,13,48,20.9,no,0,71608,6171608,4081608,4081608
112,aakriti,28,Private,149624,10.16,40,17.8,no,0,59849.6,5075849.6,3295849.6,3295849.6
113,aakruti,29,Private,337266,16.21,40,17.8,no,0,134906.4,5755906.4,3975906.4,3975906.4
114,aala,20,?,134134,17.09,20,17.8,no,0,53653.6,3762653.6,1982653.6,1982653.6
115,aalaa,40,Private,103541,10.45,40,17.8,no,0,41416.4,5086416.4,3306416.4,3306416.4
116,aalaiya,26,Private,206721,15.76,40,17.8,no,0,82688.4,5658688.4,3878688.4,3878688.4
117,aalaiyah,46,Private,134134,12.04,40,17.8,no,0,53653.6,5257653.6,3477653.6,3477653.6
118,aalam,23,Private,200967,10.3,24,17.8,no,0,80386.8,3510386.8,1730386.8,1730386.8
119,aalana,44,Private,180019,15.37,40,17.8,no,0,72007.6,5609007.6,3829007.6,3829007.6
120,aalanah,43,Private,179866,13.61,40,17.8,no,0,71946.4,5432946.4,3652946.4,3652946.4
121,aalani,31,Local-gov,198770,14.37,60,19.1,no,0,79508,7516508,5606508,5606508
122,aalap,18,Private,219256,14.27,25,19.1,no,0,87702.4,4014702.4,2104702.4,2104702.4
123,aalasia,19,Private,248730,17.93,30,19.1,no,0,99492,4892492,2982492,2982492
124,aalaya,41,Private,110732,25.41,40,19.1,no,0,44292.8,6585292.8,4675292.8,4675292.8
125,aalayah,41,Private,181020,17.58,40,19.1,yes,20,72408,5830408,3920408,1920408
126,aalayiah,69,Private,183791,14.81,25,19.1,yes,20,73516.4,4054516.4,2144516.4,144516.399999999
127,aalayjah,48,Federal-gov,134134,27.26,40,19.1,no,0,53653.6,6779653.6,4869653.6,4869653.6
128,aalayna,28,Private,134813,17.19,40,21.2,yes,20,53925.2,5772925.2,3652925.2,1652925.2
129,aalaysha,27,Self-emp-not-inc,115438,15.39,60,21.2,no,0,46175.2,7585175.2,5465175.2,5465175.2
130,aalaysia,41,Private,239296,18.34,50,21.2,no,0,95718.4,6929718.4,4809718.4,4809718.4
131,aalbert,41,Private,428420,12.6,40,21.2,yes,20,171368,5431368,3311368,1311368
132,aalderich,24,Private,247846,12.26,40,21.2,no,0,99138.4,5325138.4,3205138.4,3205138.4
133,aalderk,20,?,334105,11.12,40,21.2,no,0,133642,5245642,3125642,3125642
134,aaldrik,42,Self-emp-inc,100793,15.03,41,21.2,no,0,40317.2,5643317.2,3523317.2,3523317.2
135,aale,57,Private,244478,17.31,48,21.2,no,0,97791.2,6628791.2,4508791.2,4508791.2
136,aalea,30,Private,142921,16.96,40,21.2,no,0,57168.4,5753168.4,3633168.4,3633168.4
137,aaleah,36,Private,182863,16.9,60,21.2,no,0,73145.2,7763145.2,5643145.2,5643145.2
138,aaleahya,49,Private,171128,14.59,40,21.2,no,0,68451.2,5527451.2,3407451.2,3407451.2
139,aaleayah,33,Private,145402,21.32,35,21.2,no,0,58160.8,5690160.8,3570160.8,3570160.8
140,aaleen,23,Private,306309,18.46,40,21.2,no,0,122523.6,5968523.6,3848523.6,3848523.6
141,aaleena,46,Private,134134,24.16,40,21.2,no,0,53653.6,6469653.6,4349653.6,4349653.6
142,aaleeya,18,Private,262118,34.41,22,21.2,no,0,104847.2,5745847.2,3625847.2,3625847.2
143,aaleeyah,40,Private,155972,26.82,55,14.7,no,0,62388.8,8244388.8,6774388.8,6774388.8
144,aaleia,43,Self-emp-inc,214503,26.42,45,14.7,no,0,85801.2,7227801.2,5757801.2,5757801.2
145,aaleiah,34,Private,159303,29.29,30,14.7,no,0,63721.2,5992721.2,4522721.2,4522721.2
146,aaleigha,47,Self-emp-not-inc,174995,27.8,30,14.7,no,0,69998,5849998,4379998,4379998
147,aaleiya,44,Private,134134,16.65,30,14.7,no,0,53653.6,4718653.6,3248653.6,3248653.6
148,aaleiyah,33,Private,177727,29.53,40,14.7,no,0,71090.8,7024090.8,5554090.8,5554090.8
149,aalena,55,Private,124771,28.32,50,14.7,no,0,49908.4,7881908.4,6411908.4,6411908.4
150,aalexis,19,Private,456736,21.45,30,14.7,no,0,182694.4,5327694.4,3857694.4,3857694.4
151,aalexus,28,Private,216604,14.1,14,14.7,no,0,86641.6,2896641.6,1426641.6,1426641.6
152,aaleya,27,Private,221561,13.28,32,14.7,no,0,88624.4,4616624.4,3146624.4,3146624.4
153,aaleyah,50,Private,114564,12.12,20,14.7,no,0,45825.6,3257825.6,1787825.6,1787825.6
154,aali,22,Private,315476,15.79,40,14.7,no,0,126190.4,5705190.4,4235190.4,4235190.4
155,aalia,40,State-gov,134134,15.12,45,14.7,yes,10,53653.6,6065653.6,4595653.6,3595653.6
156,aaliah,25,Private,126110,15.02,40,14.7,yes,10,50444,5552444,4082444,3082444
157,aaliana,26,Local-gov,102264,16.14,40,14.7,no,0,40905.6,5654905.6,4184905.6,4184905.6
158,aalias,22,Private,537222,4.59,25,14.7,no,0,214888.8,3173888.8,1703888.8,1703888.8
159,aaliayah,42,Private,113732,6.43,40,14.7,no,0,45492.8,4688492.8,3218492.8,3218492.8
160,aaliayh,38,Self-emp-inc,134134,7.39,40,14.7,no,0,53653.6,4792653.6,3322653.6,3322653.6
161,aalicia,55,Private,134134,5.5,30,14.7,no,0,53653.6,3603653.6,2133653.6,2133653.6
162,aaliegha,32,Private,136921,1.73,40,14.7,yes,10,54768.4,4227768.4,2757768.4,1757768.4
163,aalieyah,22,Private,388885,1.92,45,14.7,no,0,155554,4847554,3377554,3377554
164,aaliha,29,Private,142249,3.32,40,14.7,no,0,56899.6,4388899.6,2918899.6,2918899.6
165,aalijah,46,State-gov,135134,11.64,45,14.7,no,0,54053.6,5718053.6,4248053.6,4248053.6
166,aalilah,31,Private,156493,9.81,40,14.7,no,0,62597.2,5043597.2,3573597.2,3573597.2
167,aalim,58,Self-emp-not-inc,159021,3.7,16,14.7,yes,5,63608.4,2033608.4,563608.4,63608.3999999999
168,aalimah,42,Private,190910,12.14,45,14.7,no,0,76364,5790364,4320364,4320364
169,aalina,18,Private,134134,11.1,25,14.7,no,0,53653.6,3663653.6,2193653.6,2193653.6
170,aalinah,58,Local-gov,137249,11.32,33,14.7,no,0,54899.6,4486899.6,3016899.6,3016899.6
171,aalisa,54,Private,236157,14.43,40,14.7,yes,15,94462.8,5537462.8,4067462.8,2567462.8
172,aalish,34,Private,189759,12.03,40,14.7,no,0,75903.6,5278903.6,3808903.6,3808903.6
173,aalisha,26,Private,239877,14.69,40,16.6,yes,10,95950.8,5564950.8,3904950.8,2904950.8
174,aalivia,61,Private,135413,9.04,60,16.6,no,0,54165.2,6958165.2,5298165.2,5298165.2
175,aaliya,48,Local-gov,134134,9.64,40,16.6,no,0,53653.6,5017653.6,3357653.6,3357653.6
176,aaliyaa,36,Private,236391,5.33,45,16.6,no,0,94556.4,5127556.4,3467556.4,3467556.4
177,aaliyah,24,Private,325596,10.11,45,16.6,yes,14,130238.4,5641238.4,3981238.4,2581238.4
178,aaliyah-louise,40,Private,134314,6.29,37,16.6,no,0,53725.6,4382725.6,2722725.6,2722725.6
179,aaliyah-mae,33,Self-emp-inc,154227,6.92,50,16.6,no,0,61690.8,5753690.8,4093690.8,4093690.8
180,aaliyah-marie,37,Private,248010,5.04,40,17.8,no,0,99204,4603204,2823204,2823204
181,aaliyah-may,34,Private,198613,7.56,40,17.8,no,0,79445.2,4835445.2,3055445.2,3055445.2
182,aaliyah-rose,56,Self-emp-inc,321529,9.45,40,17.8,no,0,128611.6,5073611.6,3293611.6,3293611.6
183,aaliyah-skye,28,?,168524,4.82,38,17.8,yes,10,67409.6,4349409.6,2569409.6,1569409.6
184,aaliyaha,37,Private,203079,5.68,55,17.8,no,0,81231.6,6149231.6,4369231.6,4369231.6
185,aaliyahmarie,44,Private,284652,13.98,40,17.8,no,0,113860.8,5511860.8,3731860.8,3731860.8
186,aaliyahrose,64,?,201368,13.15,8,17.8,no,0,80547.2,2195547.2,415547.2,415547.2
187,aaliyan,54,Private,134134,4.45,45,17.8,no,0,53653.6,4998653.6,3218653.6,3218653.6
188,aaliyana,23,Private,134314,6.68,50,15.2,no,0,53725.6,5721725.6,4201725.6,4201725.6
189,aaliyanna,34,State-gov,513100,4.56,40,15.2,no,0,205240,4661240,3141240,3141240
190,aaliyha,22,Private,199266,5.39,45,15.2,no,0,79706.4,5118706.4,3598706.4,3598706.4
191,aaliyiah,33,Private,196385,5.1,40,15.2,no,0,78554,4588554,3068554,3068554
192,aalke,39,Private,163205,4.69,50,15.2,no,0,65282,5534282,4014282,4014282
193,aallaya,47,Private,411047,2.87,37,15.2,no,0,164418.8,4151418.8,2631418.8,2631418.8
194,aalliyah,79,?,134314,5.03,40,15.6,no,0,53725.6,4556725.6,2996725.6,2996725.6
195,aallyah,26,Private,209440,4.38,55,15.6,no,0,83776,6021776,4461776,4461776
196,aalok,31,Private,134314,2.97,40,14.4,no,0,53725.6,4350725.6,2910725.6,2910725.6
197,aalon,44,Private,299197,4.08,45,12.6,no,0,119678.8,5027678.8,3767678.8,3767678.8
198,aaloni,42,Self-emp-inc,240628,8.61,50,12.6,no,0,96251.2,5957251.2,4697251.2,4697251.2
199,aalst,19,Private,355313,6.62,40,12.6,no,0,142125.2,4804125.2,3544125.2,3544125.2
200,aalt,27,Private,132267,4.56,40,17,no,0,52906.8,4508906.8,2808906.8,2808906.8
201,aaltien,51,Local-gov,174861,4.45,40,17,no,0,69944.4,4514944.4,2814944.4,2814944.4
202,aaltinus,28,Self-emp-inc,142443,7.43,50,14.7,no,0,56977.2,5799977.2,4329977.2,4329977.2
203,aaltje,57,Private,134314,3.11,45,14.7,no,0,53725.6,4864725.6,3394725.6,3394725.6
204,aaltsje,45,Local-gov,185588,3.81,40,14.7,no,0,74235.2,4455235.2,2985235.2,2985235.2
205,aalya,50,Private,175029,2.88,40,14.7,no,0,70011.6,4358011.6,2888011.6,2888011.6
206,aalyah,34,Self-emp-inc,34848,10.87,54,18.6,no,0,13939.2,6500939.2,4640939.2,4640939.2
207,aalyan,45,Private,411273,10.97,40,18.6,yes,15,164509.2,5261509.2,3401509.2,1901509.2
208,aalycia,73,Local-gov,143437,18.06,20,18.6,no,0,57374.8,3863374.8,2003374.8,2003374.8
209,aalyha,34,Private,357145,14.66,50,18.6,no,0,142858,6608858,4748858,4748858
210,aalyia,31,Private,236861,23.09,55,18.6,no,0,94744.4,7903744.4,6043744.4,6043744.4
211,aalyiah,19,Private,135413,17.27,12,18.6,no,0,54165.2,2981165.2,1121165.2,1121165.2
212,aalyna,25,Private,134314,23.98,50,18.6,no,0,53725.6,7451725.6,5591725.6,5591725.6
213,aalysia,38,Federal-gov,213274,16.03,40,18.6,no,0,85309.6,5688309.6,3828309.6,3828309.6
214,aalyssa,39,Private,134134,9.38,40,18.6,no,0,53653.6,4991653.6,3131653.6,3131653.6
215,aalyvia,23,Private,180497,29.55,32,18.6,no,0,72198.8,6227198.8,4367198.8,4367198.8
216,aamaira,49,Private,134134,9.47,40,18.6,no,0,53653.6,5000653.6,3140653.6,3140653.6
217,aaman,33,Federal-gov,137814,13.51,32,16.4,no,0,55125.6,4606125.6,2966125.6,2966125.6
218,aamanah,21,Private,447488,9.69,38,16.4,yes,15,178995.2,4947995.2,3307995.2,1807995.2
219,aamanda,31,Private,220915,17.92,40,16.4,no,0,88366,5880366,4240366,4240366
220,aamanee,23,Private,134135,10.5,45,16.4,no,0,53654,5603654,3963654,3963654
221,aamani,34,Private,162312,9.71,40,17.4,no,0,64924.8,5035924.8,3295924.8,3295924.8
222,aamar,25,Private,134134,21.46,40,17.4,no,0,53653.6,6199653.6,4459653.6,4459653.6
223,aamari,39,Private,282951,9.93,40,17.4,no,0,113180.4,5106180.4,3366180.4,3366180.4
224,aamarion,52,Self-emp-inc,311259,7.6,40,17.4,no,0,124503.6,4884503.6,3144503.6,3144503.6
225,aamaya,63,Local-gov,134134,4.14,40,17.4,no,0,53653.6,4467653.6,2727653.6,2727653.6
226,aamber,41,Private,277256,4.63,40,17.4,no,0,110902.4,4573902.4,2833902.4,2833902.4
227,aamena,46,Private,312088,3.13,38,17.4,no,0,124835.2,4237835.2,2497835.2,2497835.2
228,aamenah,53,Local-gov,169719,6.36,40,17.4,no,0,67887.6,4703887.6,2963887.6,2963887.6
229,aamer,25,?,270276,3.92,40,17.4,no,0,108110.4,4500110.4,2760110.4,2760110.4
230,aamia,77,?,113413,3.76,35,17.4,yes,10,45365.2,3921365.2,2181365.2,1181365.2
231,aamil,18,Private,134134,11.65,40,17.4,no,0,53653.6,5218653.6,3478653.6,3478653.6
232,aamilah,38,Private,237943,5.25,50,17.4,no,0,95177.2,5620177.2,3880177.2,3880177.2
233,aamin,55,Private,119751,2.47,50,17.4,no,0,47900.4,5294900.4,3554900.4,3554900.4
234,aamina,34,Private,236861,3.95,40,17.4,no,0,94744.4,4489744.4,2749744.4,2749744.4
235,aaminah,80,Self-emp-not-inc,201092,8.05,30,17.4,no,0,80436.8,3885436.8,2145436.8,2145436.8
236,aamir,34,Private,147215,10.88,60,17.4,no,0,58886,7146886,5406886,5406886
237,aamira,52,Private,152373,9.54,40,17.4,no,0,60949.2,5014949.2,3274949.2,3274949.2
238,aamirah,42,Private,227968,4.73,28,17.4,no,0,91187.2,3364187.2,1624187.2,1624187.2
239,aamiya,26,Private,362617,6.36,40,16.6,yes,20,145046.8,4781046.8,3121046.8,1121046.8
240,aamiyah,31,Private,103435,7.37,40,16.6,yes,10,41374,4778374,3118374,2118374
241,aamna,25,Local-gov,281412,11.38,35,16.6,no,0,112564.8,4750564.8,3090564.8,3090564.8
242,aamnah,55,Self-emp-not-inc,105239,12.4,60,16.6,no,0,42095.6,7282095.6,5622095.6,5622095.6
243,aamoni,19,Private,230165,11.22,12,16.6,no,0,92066,2414066,754066,754066
244,aamora,62,Self-emp-not-inc,177493,5.19,32,16.6,no,0,70997.2,3789997.2,2129997.2,2129997.2
245,aamorah,22,Federal-gov,104443,12.5,20,19.1,no,0,41777.2,3291777.2,1381777.2,1381777.2
246,aamori,39,?,110342,18.46,50,19.1,no,0,44136.8,6890136.8,4980136.8,4980136.8
247,aamya,35,Private,143385,9.16,40,19.1,no,0,57354,4973354,3063354,3063354
248,aamyah,28,Private,107189,10.15,40,19.1,no,0,42875.6,5057875.6,3147875.6,3147875.6
249,aana,47,Private,212944,9.52,70,19.1,yes,25,85177.6,8037177.6,6127177.6,3627177.6
250,aanand,44,State-gov,138634,6.56,40,19.1,no,0,55453.6,4711453.6,2801453.6,2801453.6
251,aanav,21,Private,134134,5.9,15,19.1,no,0,53653.6,2143653.6,233653.6,233653.6
252,aanay,35,Private,203717,3.59,50,19.1,no,0,81486.8,5440486.8,3530486.8,3530486.8
253,aanaya,24,Private,313956,3.53,40,19.1,no,0,125582.4,4478582.4,2568582.4,2568582.4
254,aanayah,42,Federal-gov,177937,3.54,40,19.1,no,0,71174.8,4425174.8,2515174.8,2515174.8
255,aanchal,28,Private,193868,6.57,50,16.4,no,0,77547.2,5734547.2,4094547.2,4094547.2
256,aania,21,Private,250939,9.25,35,16.4,yes,10,100375.6,4525375.6,2885375.6,1885375.6
257,aaniah,62,Federal-gov,134314,3.11,40,15.9,no,0,53725.6,4364725.6,2774725.6,2774725.6
258,aanijah,39,Private,281768,5.12,40,13,yes,12,112707.2,4624707.2,3324707.2,2124707.2
259,aanik,30,State-gov,260782,7.79,40,13,no,0,104312.8,4883312.8,3583312.8,3583312.8
260,aanika,72,Self-emp-not-inc,243769,6.9,20,13,yes,5,97507.6,2787507.6,1487507.6,987507.6
261,aanis,50,Private,109937,9.59,50,13,yes,24,43974.8,6002974.8,4702974.8,2302974.8
262,aanisah,28,Local-gov,134890,7.26,40,13,no,0,53956,4779956,3479956,3479956
263,aanisha,29,Private,100293,5.91,40,13,no,0,40117.2,4631117.2,3331117.2,3331117.2
264,aaniya,26,Private,132179,11.25,40,13,no,0,52871.6,5177871.6,3877871.6,3877871.6
265,aaniyah,27,Private,116372,8.1,40,13,no,0,46548.8,4856548.8,3556548.8,3556548.8
266,aaniylah,29,Private,255412,10.45,40,13,no,0,102164.8,5147164.8,3847164.8,3847164.8
267,aansh,61,?,195789,14.79,40,13,no,0,78315.6,5557315.6,4257315.6,4257315.6
268,aanshi,29,Private,342400,7.44,25,13,no,0,136960,3380960,2080960,2080960
269,aansu,21,?,134144,3.16,30,13,no,0,53657.6,3369657.6,2069657.6,2069657.6
270,aant,31,Private,169085,13.65,20,18.6,no,0,67634,3432634,1572634,1572634
271,aanuoluwa,25,Private,177221,13,75,18.6,no,0,70888.4,8870888.4,7010888.4,7010888.4
272,aanvi,58,Private,134134,6.59,40,18.6,no,0,53653.6,4712653.6,2852653.6,2852653.6
273,aanya,64,Private,118944,7.73,40,18.6,no,0,47577.6,4820577.6,2960577.6,2960577.6
274,aanyah,46,State-gov,149337,6.58,38,18.6,no,0,59734.8,4517734.8,2657734.8,2657734.8
275,aanyla,53,?,237868,3.53,35,17.6,yes,10,95147.2,3948147.2,2188147.2,1188147.2
276,aapeli,19,Private,106183,2.98,35,17.6,no,0,42473.2,3840473.2,2080473.2,2080473.2
277,aapo,42,Private,226388,6.05,52,17.6,no,0,90555.2,5895555.2,4135555.2,4135555.2
278,aappo,18,Private,220754,4.16,24,17.6,no,0,88301.6,2904301.6,1144301.6,1144301.6
279,aapri,58,Self-emp-inc,204021,7.19,50,17.6,no,0,81608.4,5800608.4,4040608.4,4040608.4
280,aaqib,20,Private,347391,4.85,60,14.9,no,0,138956.4,6623956.4,5133956.4,5133956.4
281,aaqil,35,Federal-gov,413930,3.76,40,14.9,no,0,165572,4541572,3051572,3051572
282,aara,32,Private,174201,4.59,38,14.9,no,0,69680.4,4328680.4,2838680.4,2838680.4
283,aarabella,23,Private,145917,3.01,25,14.9,no,0,58366.8,2859366.8,1369366.8,1369366.8
284,aarabh,31,Private,241797,3.16,40,13.6,no,0,96718.8,4412718.8,3052718.8,3052718.8
285,aarabhi,33,Private,265168,7.85,55,15.3,no,0,106067.2,6391067.2,4861067.2,4861067.2
286,aarabi,41,Private,171234,8.23,48,15.3,no,0,68493.6,5691493.6,4161493.6,4161493.6
287,aaradhana,22,Private,178452,12.93,40,18.2,no,0,71380.8,5364380.8,3544380.8,3544380.8
288,aaradhy,46,Private,157857,7.14,40,16.6,yes,20,63142.8,4777142.8,3117142.8,1117142.8
289,aaradhya,61,Federal-gov,512864,7.6,40,16.6,no,0,205145.6,4965145.6,3305145.6,3305145.6
290,aarae,30,Private,296462,9.51,40,16.6,no,0,118584.8,5069584.8,3409584.8,3409584.8
291,aaraf,42,Private,171615,3.33,55,19.2,no,0,68646,5901646,3981646,3981646
292,aarah,63,Private,214071,3.56,40,19.2,yes,10,85628.4,4441628.4,2521628.4,1521628.4
293,aaraiz,26,Private,172421,4.7,40,19.2,yes,15,68968.4,4538968.4,2618968.4,1118968.4
294,aaralyn,42,Private,195488,8.58,40,16,no,0,78195.2,4936195.2,3336195.2,3336195.2
295,aaralynn,23,Private,316841,10.4,40,16,no,0,126736.4,5166736.4,3566736.4,3566736.4
296,aaran,25,Private,236267,6.27,40,16,no,0,94506.8,4721506.8,3121506.8,3121506.8
297,aarani,30,Private,236543,7.39,32,16,yes,10,94617.2,4033617.2,2433617.2,1433617.2
298,aaranyan,23,Private,318483,15.84,40,16,no,0,127393.2,5711393.2,4111393.2,4111393.2
299,aaraon,34,Self-emp-not-inc,163756,4.97,60,14.8,no,0,65502.4,6562502.4,5082502.4,5082502.4
300,aarati,30,Private,238186,4.74,48,14.8,no,0,95274.4,5369274.4,3889274.4,3889274.4
301,aaratrika,39,Private,329980,6.07,40,14.8,no,0,131992,4738992,3258992,3258992
302,aarav,30,Private,169269,9.5,38,16.1,yes,14,67707.6,4817707.6,3207707.6,1807707.6
303,aaravi,38,Local-gov,134134,8.67,38,16.1,no,0,53653.6,4720653.6,3110653.6,3110653.6
304,aaravjit,26,Private,134314,4.86,40,16.1,no,0,53725.6,4539725.6,2929725.6,2929725.6
305,aaravreddy,20,Private,109667,6.93,16,18.4,no,0,43866.8,2336866.8,496866.8,496866.8
306,aaraya,37,Local-gov,263690,8.93,40,18.4,no,0,105476,4998476,3158476,3158476
307,aard,33,Private,147430,6.47,40,18.4,no,0,58972,4705972,2865972,2865972
308,aardhna,24,Private,224238,7.53,40,18.4,yes,15,89695.2,4842695.2,3002695.2,1502695.2
309,aare,42,Self-emp-inc,212894,4.54,60,18.4,no,0,85157.6,6539157.6,4699157.6,4699157.6
310,aaren,51,Self-emp-not-inc,136708,9.97,84,18.4,no,0,54683.2,9451683.2,7611683.2,7611683.2
311,aarent,56,Local-gov,134314,12.64,45,18.4,no,0,53725.6,5817725.6,3977725.6,3977725.6
312,aareon,22,Private,197200,5.98,40,18.4,no,0,78880,4676880,2836880,2836880
313,aareona,52,Self-emp-not-inc,182796,11.72,60,18.4,no,0,73118.4,7245118.4,5405118.4,5405118.4
314,aarez,44,Private,184527,7.9,45,18.4,no,0,73810.8,5363810.8,3523810.8,3523810.8
315,aari,34,Private,145231,9.28,35,18.4,no,0,58092.4,4486092.4,2646092.4,2646092.4
316,aaria,51,Private,134314,11.5,42,18.4,no,0,53725.6,5403725.6,3563725.6,3563725.6
317,aariah,20,?,318865,18.33,40,18.4,no,0,127546,5960546,4120546,4120546
318,aarian,19,Private,355712,15.94,25,18.4,no,0,142284.8,4236284.8,2396284.8,2396284.8
319,aariana,37,Private,134134,10.36,40,18.4,no,0,53653.6,5089653.6,3249653.6,3249653.6
320,aarianna,68,Private,257557,12.73,40,18.4,no,0,103022.8,5376022.8,3536022.8,3536022.8
321,aarib,22,Private,102258,7.2,40,19.6,no,0,40903.2,4760903.2,2800903.2,2800903.2
322,aaric,56,Self-emp-inc,170287,6.87,40,19.6,yes,10,68114.8,4755114.8,2795114.8,1795114.8
323,aarica,37,Private,243409,7.7,40,19.6,no,0,97363.6,4867363.6,2907363.6,2907363.6
324,aarick,52,Private,134134,11.74,40,19.6,no,0,53653.6,5227653.6,3267653.6,3267653.6
325,aarie,26,Private,248057,6.12,40,19.6,yes,15,99222.8,4711222.8,2751222.8,1251222.8
326,aariel,33,Private,134134,5.08,50,19.6,no,0,53653.6,5561653.6,3601653.6,3601653.6
327,aariella,45,Local-gov,314134,6.15,42,19.6,no,0,125653.6,4940653.6,2980653.6,2980653.6
328,aarielle,18,Private,161245,12.79,15,19.6,no,0,64498,2843498,883498,883498
329,aarien,43,Self-emp-not-inc,388725,9.97,60,16.9,no,0,155490,7152490,5462490,5462490
330,aarif,64,Self-emp-not-inc,143444,7.34,50,16.9,no,0,57377.6,5791377.6,4101377.6,4101377.6
331,aarifah,18,Private,228216,9.09,20,16.9,no,0,91286.4,3000286.4,1310286.4,1310286.4
332,aarik,20,?,303121,12.43,45,16.9,no,0,121248.4,5864248.4,4174248.4,4174248.4
333,aarika,57,Private,123411,7.83,40,16.9,no,0,49364.4,4832364.4,3142364.4,3142364.4
334,aariketh,41,Private,249254,5.68,42,20.2,yes,15,99701.6,4867701.6,2847701.6,1347701.6
335,aarilyn,34,Private,134315,6.75,50,20.2,no,0,53726,5728726,3708726,3708726
336,aarilynn,19,Private,304299,8.01,40,20.2,no,0,121719.6,4922719.6,2902719.6,2902719.6
337,aarin,44,Private,196234,9.8,55,20.2,no,0,78493.6,6558493.6,4538493.6,4538493.6
338,aarini,56,Private,197875,10.56,40,20.2,yes,10,79150,5135150,3115150,2115150
339,aarion,36,Self-emp-inc,134314,8.51,80,20.2,no,0,53725.6,8904725.6,6884725.6,6884725.6
340,aariona,48,Private,253596,9.74,48,20.2,no,0,101438.4,5875438.4,3855438.4,3855438.4
341,aarionna,29,Private,134314,9.29,40,20.2,no,0,53725.6,4982725.6,2962725.6,2962725.6
342,aaris,33,Private,134134,5.49,40,15.5,no,0,53653.6,4602653.6,3052653.6,3052653.6
343,aarish,31,Private,134443,8.65,40,15.9,no,0,53777.2,4918777.2,3328777.2,3328777.2
344,aarit,39,Private,252445,7.18,45,17.6,no,0,100978,5318978,3558978,3558978
345,aariv,66,Private,275918,4.61,40,17.6,no,0,110367.2,4571367.2,2811367.2,2811367.2
346,aariya,27,Private,106562,10.53,50,18.8,no,0,42624.8,6095624.8,4215624.8,4215624.8
347,aariyah,39,Private,198654,12.67,40,18.8,no,0,79461.6,5346461.6,3466461.6,3466461.6
348,aariyan,59,Private,107318,6.36,50,17.9,no,0,42927.2,5678927.2,3888927.2,3888927.2
349,aariyana,26,Private,181896,5.99,40,17,no,0,72758.4,4671758.4,2971758.4,2971758.4
350,aariyanna,31,Private,106014,5.89,40,19.7,no,0,42405.6,4631405.6,2661405.6,2661405.6
351,aariyona,45,?,319993,5.98,40,19.7,no,0,127997.2,4725997.2,2755997.2,2755997.2
352,aariyonna,23,Private,197997,5.49,30,18.3,no,0,79198.8,3628198.8,1798198.8,1798198.8
353,aariz,36,Local-gov,173542,7.79,40,18.3,no,0,69416.8,4848416.8,3018416.8,3018416.8
354,aarjan,34,Private,207564,4.5,12,17,no,0,83025.6,1733025.6,33025.6000000001,33025.6000000001
355,aarjav,32,Private,224462,8.05,84,22,no,0,89784.8,9294784.8,7094784.8,7094784.8
356,aarju,37,Private,123361,5.57,50,22,no,0,49344.4,5606344.4,3406344.4,3406344.4
357,aarjun,33,Private,134134,17.6,45,20.2,no,0,53653.6,6313653.6,4293653.6,4293653.6
358,aarley-ray,50,Self-emp-not-inc,165001,13.27,80,20.2,no,0,66000.4,9393000.4,7373000.4,7373000.4
359,aarlo,32,Federal-gov,149573,11.48,40,20.2,no,0,59829.2,5207829.2,3187829.2,3187829.2
360,aarmaan,35,Private,249456,12.67,40,20.2,no,0,99782.4,5366782.4,3346782.4,3346782.4
361,aarn,37,Private,149898,7.79,40,20.2,no,0,59959.2,4838959.2,2818959.2,2818959.2
362,aarna,44,Private,292985,14.19,60,20.2,no,0,117194,7536194,5516194,5516194
363,aarnav,57,Private,134344,10.19,25,20.2,no,0,53737.6,3572737.6,1552737.6,1552737.6
364,aarnavi,29,Local-gov,400074,14.64,40,20.2,no,0,160029.6,5624029.6,3604029.6,3604029.6
365,aarne,55,Private,197399,5.29,50,20.2,no,0,78959.6,5607959.6,3587959.6,3587959.6
366,aarni,43,Self-emp-inc,209547,7.12,25,20.2,no,0,83818.8,3295818.8,1275818.8,1275818.8
367,aarno,43,Private,134113,14,70,20.2,no,0,53645.2,8453645.2,6433645.2,6433645.2
368,aarnoud,45,Self-emp-not-inc,355978,13.33,60,20.2,no,0,142391.2,7475391.2,5455391.2,5455391.2
369,aarnout,33,Self-emp-not-inc,134134,3.26,8,20.2,no,0,53653.6,1179653.6,-840346.4,-840346.4
370,aaro,26,Private,190873,3.73,40,20.2,no,0,76349.2,4449349.2,2429349.2,2429349.2
371,aaroh,23,Private,278390,2.96,68,20.2,no,0,111356,7207356,5187356,5187356
372,aarohan,41,Private,203217,9.53,40,20.2,yes,10,81286.8,5034286.8,3014286.8,2014286.8
373,aarohi,24,Private,279175,8.88,40,20.2,no,0,111670,4999670,2979670,2979670
374,aarolyn,47,Self-emp-not-inc,194590,34.77,44,20.2,no,0,77836,7954836,5934836,5934836
375,aaron,34,Self-emp-not-inc,198813,37.97,45,20.2,no,0,79525.2,8376525.2,6356525.2,6356525.2
376,aaron-james,40,Private,187294,13.44,40,20.2,no,0,74917.6,5418917.6,3398917.6,3398917.6
377,aaron-jay,28,Private,302903,23.24,40,20.2,no,0,121161.2,6445161.2,4425161.2,4425161.2
378,aaron-john,24,Private,154835,21.24,40,20.2,no,0,61934,6185934,4165934,4165934
379,aaron-lee,73,?,134144,23.69,10,20.2,no,0,53657.6,3422657.6,1402657.6,1402657.6
380,aaron-matthew,23,Private,100345,21.78,15,20.2,yes,15,40138,3718138,1698138,198138
381,aarona,43,Self-emp-not-inc,126320,17.21,40,20.2,no,0,50528,5771528,3751528,3751528
382,aaronae,26,Private,142226,21.08,40,20.2,no,0,56890.4,6164890.4,4144890.4,4144890.4
383,aaronarthur,58,Self-emp-not-inc,112076,23.6,35,20.2,no,0,44830.4,5904830.4,3884830.4,3884830.4
384,aaronda,52,Private,225339,24.56,35,20.2,no,0,90135.6,6046135.6,4026135.6,4026135.6
385,aarondeep,29,Private,211208,30.63,99,20.2,yes,30,84483.2,13047483.2,11027483.2,8027483.2
386,aaronette,47,Private,200808,30.81,35,20.2,no,0,80323.2,6661323.2,4641323.2,4641323.2
387,aaronisha,49,Private,220618,28.28,37,20.2,no,0,88247.2,6616247.2,4596247.2,4596247.2
388,aaronjacob,40,Private,210493,31.99,40,20.2,yes,15,84197.2,7283197.2,5263197.2,3763197.2
389,aaronjames,62,Self-emp-not-inc,369734,30.62,40,20.2,yes,10,147893.6,7209893.6,5189893.6,4189893.6
390,aaronjit,49,Private,134411,20.85,55,20.2,no,0,53764.4,7638764.4,5618764.4,5618764.4
391,aaronjohn,50,Private,138193,17.11,50,20.2,no,0,55277.2,6766277.2,4746277.2,4746277.2
392,aaronjoseph,31,Private,224234,18.76,40,20.2,no,0,89693.6,5965693.6,3945693.6,3945693.6
393,aaronjosh,48,Local-gov,188741,25.68,50,20.2,no,0,75496.4,7643496.4,5623496.4,5623496.4
394,aaronjoshua,24,Private,183772,15.17,40,20.2,no,0,73508.8,5590508.8,3570508.8,3570508.8
395,aaronlee,41,?,155041,16.35,40,20.2,no,0,62016.4,5697016.4,3677016.4,3677016.4
396,aaronmichael,37,Private,134314,17.12,60,20.2,no,0,53725.6,7765725.6,5745725.6,5745725.6
397,aaronn,45,Private,355781,19.37,45,20.2,no,0,142312.4,6579312.4,4559312.4,4559312.4
398,aarons,63,?,156158,19.92,16,20.2,no,0,62463.2,3654463.2,1634463.2,1634463.2
399,aaronson,36,Private,116358,30.59,45,20.2,yes,15,46543.2,7605543.2,5585543.2,4085543.2
400,aaronveer,45,Private,134315,29.97,40,20.2,no,0,53726,7050726,5030726,5030726
401,aaroon,41,Private,138868,26.77,40,20.2,no,0,55547.2,6732547.2,4712547.2,4712547.2
402,aaroosh,26,Private,185885,20.32,20,20.2,no,0,74354,4106354,2086354,2086354
403,aarran,17,Private,134134,20.31,25,20.2,no,0,53653.6,4584653.6,2564653.6,2564653.6
404,aarre,27,Private,500068,19.77,36,20.2,no,0,200027.2,5777027.2,3757027.2,3757027.2
405,aarren,43,Private,134134,27.38,65,20.2,no,0,53653.6,9291653.6,7271653.6,7271653.6
406,aarron,35,Private,179481,22.98,55,20.2,no,0,71792.4,7869792.4,5849792.4,5849792.4
407,aarryn,38,Private,365907,23.34,40,20.2,no,0,146362.8,6480362.8,4460362.8,4460362.8
408,aarsh,26,Private,284343,12.13,40,20.2,no,0,113737.2,5326737.2,3306737.2,3306737.2
409,aarshi,28,Private,204862,26.4,40,20.2,yes,10,81944.8,6721944.8,4701944.8,3701944.8
410,aarshiya,38,Private,272476,19.78,24,20.2,no,0,108990.4,4486990.4,2466990.4,2466990.4
411,aart,36,Private,175130,10.11,40,20.2,no,0,70052,5081052,3061052,3061052
412,aarthi,33,Private,118941,21.22,40,20.2,yes,15,47576.4,6169576.4,4149576.4,2649576.4
413,aarti,19,Private,164339,34.37,70,20.2,no,0,65735.6,10502735.6,8482735.6,8482735.6
414,aaruhi,22,?,213291,20.08,25,20.2,no,0,85316.4,4593316.4,2573316.4,2573316.4
415,aarun,42,Federal-gov,134134,36.98,40,20.2,no,0,53653.6,7751653.6,5731653.6,5731653.6
416,aarunya,50,Private,280292,29.05,40,20.2,yes,10,112116.8,7017116.8,4997116.8,3997116.8
417,aarusan,30,Private,446894,25.79,30,20.2,yes,15,178757.6,5757757.6,3737757.6,2237757.6
418,aarush,37,State-gov,135413,26.64,40,20.2,no,0,54165.2,6718165.2,4698165.2,4698165.2
419,aarushi,54,Self-emp-inc,159219,20.62,40,20.2,no,0,63687.6,6125687.6,4105687.6,4105687.6
420,aarushreddy,52,Self-emp-inc,168539,22.74,40,20.2,no,0,67415.6,6341415.6,4321415.6,4321415.6
421,aarv,65,Private,134134,15.02,40,20.2,no,0,53653.6,5555653.6,3535653.6,3535653.6
422,aarvi,33,Private,150309,15.7,40,20.2,no,0,60123.6,5630123.6,3610123.6,3610123.6
423,aarvik,25,Private,122999,14.1,40,20.2,no,0,49199.6,5459199.6,3439199.6,3439199.6
424,aarvin,24,Private,302195,23.29,45,20.2,no,0,120878,6949878,4929878,4929878
425,aary,26,Private,210982,17.16,40,20.2,no,0,84392.8,5800392.8,3780392.8,3780392.8
426,aarya,39,Private,177140,24.39,40,20.2,no,0,70856,6509856,4489856,4489856
427,aaryah,59,Private,113838,15.69,40,20.2,no,0,45535.2,5614535.2,3594535.2,3594535.2
428,aaryahi,29,Private,132413,14.52,40,20.2,no,0,52965.2,5504965.2,3484965.2,3484965.2
429,aaryan,47,Private,104301,21.52,45,20.2,no,0,41720.4,6693720.4,4673720.4,4673720.4
430,aaryana,23,?,192028,24.08,35,20.2,no,0,76811.2,5984811.2,3964811.2,3964811.2
431,aaryanna,64,Self-emp-inc,115931,17.64,50,20.2,no,0,46372.4,6810372.4,4790372.4,4790372.4
432,aaryash,21,Private,147280,19.69,20,20.2,no,0,58912,4027912,2007912,2007912
433,aaryav,32,Private,185433,12.03,40,20.2,no,0,74173.2,5277173.2,3257173.2,3257173.2
434,aarylan,26,Private,599057,16.22,37,20.2,yes,15,239622.8,5561622.8,3541622.8,2041622.8
435,aaryn,19,?,134134,15.17,20,20.2,no,0,53653.6,3570653.6,1550653.6,1550653.6
436,aaryn-john,62,Self-emp-not-inc,134135,23.27,40,20.2,no,0,53654,6380654,4360654,4360654
437,aaryn-paul,32,Private,183977,18.05,55,20.2,no,0,73590.8,7378590.8,5358590.8,5358590.8
438,aarynn,75,?,123413,26.45,5,20.2,no,0,49365.2,3194365.2,1174365.2,1174365.2
439,aaryon,45,Self-emp-not-inc,196858,34.02,60,20.2,no,0,78743.2,9480743.2,7460743.2,7460743.2
440,aaryona,31,Private,160594,22.88,50,20.2,no,0,64237.6,7352237.6,5332237.6,5332237.6
441,aarza,32,Private,134155,22.11,40,20.2,yes,10,53662,6264662,4244662,3244662
442,aarzish,24,Private,102258,19.52,40,20.2,no,0,40903.2,5992903.2,3972903.2,3972903.2
443,aarzo,25,Private,196947,16.59,40,20.2,no,0,78778.8,5737778.8,3717778.8,3717778.8
444,aarzoo,41,Self-emp-not-inc,233150,18.85,60,20.2,no,0,93260,7978260,5958260,5958260
445,aarzu,18,Private,135135,23.79,20,20.2,no,0,54054,4433054,2413054,2413054
446,aar√≥n,44,Private,118059,23.98,55,20.2,no,0,47223.6,7945223.6,5925223.6,5925223.6
447,aase,40,Private,169262,17.79,50,20.2,no,0,67704.8,6846704.8,4826704.8,4826704.8
448,aaseem,27,Private,135135,16.44,40,20.2,yes,10,54054,5698054,3678054,2678054
449,aaser,23,Private,161092,18.13,40,20.2,no,0,64436.8,5877436.8,3857436.8,3857436.8
450,aasha,21,Private,345253,19.31,40,20.2,yes,15,138101.2,6069101.2,4049101.2,2549101.2
451,aashana,37,State-gov,111275,17.44,40,20.2,no,0,44510,5788510,3768510,3768510
452,aashay,65,Self-emp-not-inc,178878,17.73,48,20.2,no,0,71551.2,6644551.2,4624551.2,4624551.2
453,aashdon,43,Federal-gov,157237,17.27,40,20.2,no,0,62894.8,5789894.8,3769894.8,3769894.8
454,aashi,45,Private,155664,16.74,44,20.2,no,0,62265.6,6136265.6,4116265.6,4116265.6
455,aashia,24,State-gov,322658,18.71,40,20.2,no,0,129063.2,6000063.2,3980063.2,3980063.2
456,aashif,24,Private,208503,18.13,42,20.2,no,0,83401.2,6096401.2,4076401.2,4076401.2
457,aashik,19,Local-gov,223326,19.01,35,20.2,no,0,89330.4,5490330.4,3470330.4,3470330.4
458,aashika,37,Private,135413,16.94,65,20.2,no,0,54165.2,8248165.2,6228165.2,6228165.2
459,aashild,24,Private,124751,16.23,35,20.2,no,0,49900.4,5172900.4,3152900.4,3152900.4
460,aashini,34,Private,113364,14.7,40,20.2,yes,16,45345.6,5515345.6,3495345.6,1895345.6
461,aashir,50,State-gov,196900,16.42,39,20.2,no,0,78760,5620760,3600760,3600760
462,aashirya,36,Private,168170,14.65,40,20.2,no,0,67268,5532268,3512268,3512268
463,aashis,39,Private,205338,13.99,60,20.2,no,0,82135.2,7481135.2,5461135.2,5461135.2
464,aashish,44,Self-emp-not-inc,135135,10.29,38,20.2,no,0,54054,4883054,2863054,2863054
465,aashita,45,State-gov,226452,13.22,40,20.2,no,0,90580.8,5412580.8,3392580.8,3392580.8
466,aashiya,32,State-gov,479179,14.13,40,20.2,yes,15,191671.6,5604671.6,3584671.6,2084671.6
467,aashiyana,47,Federal-gov,471990,17.15,40,20.2,no,0,188796,5903796,3883796,3883796
468,aashka,50,Private,135151,21.32,40,20.2,no,0,54060.4,6186060.4,4166060.4,4166060.4
469,aashma,32,Private,135135,18.13,40,20.2,no,0,54054,5867054,3847054,3847054
470,aashman,19,Private,264876,14.76,40,20.2,no,0,105950.4,5581950.4,3561950.4,3561950.4
471,aashna,19,?,135135,16.29,20,20.2,no,0,54054,3683054,1663054,1663054
472,aashni,28,State-gov,293628,12.87,10,20.2,no,0,117451.2,2404451.2,384451.2,384451.2
473,aashray,28,Private,193122,14.36,50,20.2,no,0,77248.8,6513248.8,4493248.8,4493248.8
474,aashrita,39,Federal-gov,149347,11.66,40,20.2,no,0,59738.8,5225738.8,3205738.8,3205738.8
475,aashrith,21,Private,129172,18.14,40,20.2,no,0,51668.8,5865668.8,3845668.8,3845668.8
476,aashritha,73,Self-emp-not-inc,151255,24.1,75,20.2,no,0,60502,9970502,7950502,7950502
477,aashriya,39,Private,135135,18.68,40,20.2,no,0,54054,5922054,3902054,3902054
478,aashu,25,Private,238673,24.91,40,20.2,no,0,95469.2,6586469.2,4566469.2,4566469.2
479,aashutosh,31,Private,137991,18.03,20,20.2,no,0,55196.4,3858196.4,1838196.4,1838196.4
480,aashvi,51,Private,135135,13.11,32,20.2,no,0,54054,4565054,2545054,2545054
481,aasia,39,Private,135135,10.74,28,20.2,yes,10,54054,3928054,1908054,908054
482,aasiah,31,Private,174789,7.74,40,20.2,no,0,69915.6,4843915.6,2823915.6,2823915.6
483,aasif,21,Private,457162,7.01,17,20.2,no,0,182864.8,2583864.8,563864.8,563864.8
484,aasim,46,Private,176026,10.42,50,20.2,no,0,70410.4,6112410.4,4092410.4,4092410.4
485,aasin,73,Private,135155,13.34,35,20.2,yes,15,54062,4888062,2868062,1368062
486,aasir,41,Private,311101,10.58,40,20.2,no,0,124440.4,5182440.4,3162440.4,3162440.4
487,aasiya,20,Private,273989,14.98,40,20.2,no,0,109595.6,5607595.6,3587595.6,3587595.6
488,aasiyah,27,Private,370242,11.45,30,20.2,no,0,148096.8,4293096.8,2273096.8,2273096.8
489,aasma,24,Private,194630,18.06,35,20.1,no,0,77852,5383852,3373852,3373852
490,aasmin,20,Private,313817,23.97,40,20.1,no,0,125526.8,6522526.8,4512526.8,4512526.8
491,aason,39,Private,195843,29.68,40,20.1,no,0,78337.2,7046337.2,5036337.2,5036337.2
492,aasr,27,Private,203160,18.07,28,20.1,no,0,81264,4688264,2678264,2678264
493,aastha,33,Private,175856,13.35,60,20.1,no,0,70342.4,7405342.4,5395342.4,5395342.4
494,aasto,33,Private,315355,12.01,40,19.2,no,0,126142,5327142,3407142,3407142
495,aaston,36,State-gov,291676,13.59,40,19.2,no,10,116670.4,5475670.4,3555670.4,2555670.4
496,aasu,55,Private,192869,17.6,36,19.2,no,15,77147.6,5437147.6,3517147.6,2017147.6
497,aat,19,Private,124464,21.14,40,19.2,no,0,49785.6,6163785.6,4243785.6,4243785.6
498,aatami,35,Private,134355,14.1,60,19.2,no,0,53742,7463742,5543742,5543742
499,aathan,34,Private,107960,12.92,40,19.2,no,0,43184,5335184,3415184,3415184
500,aathavan,62,State-gov,312286,15.1,35,19.2,no,0,124914.4,5134914.4,3214914.4,3214914.4
501,aathish,33,Self-emp-not-inc,135155,14.33,40,19.2,no,0,54062,5487062,3567062,3567062
502,aathrey,39,Private,113513,9.67,55,21,no,0,45405.2,6512405.2,4412405.2,4412405.2
503,aathyn,36,Local-gov,237713,9.08,40,21,no,0,95085.2,5003085.2,2903085.2,2903085.2
504,aatif,41,Private,309990,5.64,33,21,no,0,123996,3987996,1887996,1887996
505,aatifa,39,Self-emp-not-inc,135135,6.48,60,21,no,0,54054,6702054,4602054,4602054
506,aatika,38,?,135351,7.88,10,21,no,0,54140.4,1842140.4,-257859.6,-257859.6
507,aatikah,18,Private,170183,4.98,10,15.3,no,0,68073.2,1566073.2,36073.2000000002,36073.2000000002
508,aatikun,61,Private,142988,9.14,45,17.8,no,0,57195.2,5471195.2,3691195.2,3691195.2
509,aatiqa,20,Federal-gov,163205,4.03,36,17.8,no,0,65282,4068282,2288282,2288282
510,aatiqah,35,Self-emp-not-inc,455379,2.94,65,18.7,no,0,182151.6,6976151.6,5106151.6,5106151.6
511,aatish,27,Private,104423,5.33,40,18.7,no,0,41769.2,4574769.2,2704769.2,2704769.2
512,aatos,66,Private,104936,5.21,38,18.7,no,0,41974.4,4362974.4,2492974.4,2492974.4
513,aatreya,21,Private,542610,12.43,40,15.2,no,0,217044,5460044,3940044,3940044
514,aatto,20,Private,208117,19.15,18,15.2,yes,5,83246.8,3798246.8,2278246.8,1778246.8
515,aatu,34,Private,105141,29.93,40,15.2,no,0,42056.4,7035056.4,5515056.4,5515056.4
516,aava,63,Private,156120,17.1,50,15.2,no,0,62448,6772448,5252448,5252448
517,aava-may,20,?,315155,20.45,40,15.2,no,0,126062,6171062,4651062,4651062
518,aavah,31,Private,213339,13.27,40,15.2,no,0,85335.6,5412335.6,3892335.6,3892335.6
519,aavan,41,Private,177989,15.71,60,15.2,no,0,71195.6,7642195.6,6122195.6,6122195.6
520,aavash,64,State-gov,107732,8.26,45,21,no,0,43092.8,5369092.8,3269092.8,3269092.8
521,aave,32,Private,312403,10.26,40,21,no,0,124961.2,5150961.2,3050961.2,3050961.2
522,aaven,30,Local-gov,176992,8.47,50,21,no,0,70796.8,5917796.8,3817796.8,3817796.8
523,aavi,36,Self-emp-not-inc,84294,6.58,72,21,no,0,33717.6,7891717.6,5791717.6,5791717.6
524,aavin,22,Private,143062,14.67,12,21,no,0,57224.8,2724224.8,624224.8,624224.8
525,aavion,53,Local-gov,139671,11.69,50,21,no,0,55868.4,6224868.4,4124868.4,4124868.4
526,aavir,50,Private,116814,11.28,40,21,no,0,46725.6,5174725.6,3074725.6,3074725.6
527,aavish,36,Private,135315,21.02,40,21,no,0,54126,6156126,4056126,4056126
528,aavni,41,Self-emp-inc,240900,13.83,40,21,yes,10,96360,5479360,3379360,2379360
529,aavo,55,Private,202652,18.72,35,21,no,0,81060.8,5453060.8,3353060.8,3353060.8
530,aavya,38,Private,135135,19.88,50,21,no,0,54054,7042054,4942054,4942054
531,aavyan,28,Private,349751,16.3,50,21,no,0,139900.4,6769900.4,4669900.4,4669900.4
532,aavyn,24,Local-gov,238384,16.51,37,21,yes,10,95353.6,5446353.6,3346353.6,2346353.6
533,aaya,60,Private,209844,14.81,40,21,no,0,83937.6,5564937.6,3464937.6,3464937.6
534,aayaan,54,Private,333301,17.28,40,21,no,0,133320.4,5861320.4,3761320.4,3761320.4
535,aayah,27,Self-emp-inc,214974,12.8,60,21,no,0,85989.6,7365989.6,5265989.6,5265989.6
536,aayam,30,Private,113453,11.98,30,21,no,0,45381.2,4243381.2,2143381.2,2143381.2
537,aayan,54,Private,162238,22.6,45,21,yes,15,64895.2,6824895.2,4724895.2,3224895.2
538,aayana,44,Private,135135,13.04,40,21,no,0,54054,5358054,3258054,3258054
539,aayanah,52,Private,165001,27.71,60,21,no,0,66000.4,8837000.4,6737000.4,6737000.4
540,aayanna,18,Private,135355,18.35,20,21,no,0,54142,3889142,1789142,1789142
541,aayansh,55,Private,353881,20.34,50,21,no,0,141552.4,7175552.4,5075552.4,5075552.4
542,aayat,35,Private,251396,9.68,50,19.2,no,0,100558.4,6068558.4,4148558.4,4148558.4
543,aaydan,37,Private,178100,11.41,40,19.2,yes,20,71240,5212240,3292240,1292240
544,aayden,22,Private,416165,8.77,40,19.2,no,0,166466,5043466,3123466,3123466
545,aayden-james,45,Private,177536,10.13,45,19.2,no,0,71014.4,5584014.4,3664014.4,3664014.4
546,aayden-jon,38,Private,203717,4.32,60,18.3,yes,20,81486.8,6513486.8,4683486.8,2683486.8
547,aaydn,48,Private,107231,1.98,40,18.3,no,0,42892.4,4240892.4,2410892.4,2410892.4
548,aayesha,35,Private,106448,4.84,40,17.9,yes,15,42579.2,4526579.2,2736579.2,1236579.2
549,aayisha,21,Private,196816,5.81,50,17.9,yes,25,78726.4,5659726.4,3869726.4,1369726.4
550,aayla,37,Self-emp-not-inc,191342,7.44,60,17.9,no,0,76536.8,6820536.8,5030536.8,5030536.8
551,aaylah,18,Private,170194,9.55,25,17.9,no,0,68077.6,3523077.6,1733077.6,1733077.6
552,aaylah-rose,26,Private,113587,10.21,35,17.9,no,0,45434.8,4566434.8,2776434.8,2776434.8
553,aayliah,48,Self-emp-inc,135135,14.15,50,17.9,no,0,54054,6469054,4679054,4679054
554,aaylie,51,Private,217480,18.8,40,17.9,no,0,86992,5966992,4176992,4176992
555,aayon,52,Private,120914,30.81,40,17.9,no,0,48365.6,7129365.6,5339365.6,5339365.6
556,aayra,32,State-gov,135135,16.2,40,17.9,yes,20,54054,5674054,3884054,1884054
557,aayran,39,Self-emp-not-inc,199753,13.45,60,16.8,yes,20,79901.2,7424901.2,5744901.2,3744901.2
558,aaysha,51,Private,144284,9.43,40,16.8,no,0,57713.6,5000713.6,3320713.6,3320713.6
559,aayu,54,Private,135155,5.28,50,16.8,no,0,54062,5582062,3902062,3902062
560,aayush,21,Private,151158,8.43,25,16.8,yes,10,60463.2,3403463.2,1723463.2,723463.2
561,aayusha,43,Private,125577,14.8,40,21.1,no,0,50230.8,5530230.8,3420230.8,3420230.8
562,aayushi,32,Private,242323,4.81,40,17.9,no,0,96929.2,4577929.2,2787929.2,2787929.2
563,aayza,31,State-gov,195181,5.77,35,17.3,yes,15,78072.4,4155072.4,2425072.4,925072.4
564,aazad,73,?,145748,3.95,8,15.1,no,0,58299.2,1253299.2,-256700.8,-256700.8
565,aazan,26,Private,341672,6.86,60,19.7,no,0,136668.8,6822668.8,4852668.8,4852668.8
566,aazeen,35,Private,116369,9.22,40,19.7,no,0,46547.6,4968547.6,2998547.6,2998547.6
567,aazil,73,Private,113446,13.15,54,19.7,no,0,45378.4,6760378.4,4790378.4,4790378.4
568,aazim,25,Self-emp-not-inc,121285,14.44,40,19.7,no,0,48514,5492514,3522514,3522514
569,aaziyah,58,Self-emp-not-inc,135315,6.73,65,19.7,no,0,54126,7227126,5257126,5257126
570,aba,32,Private,182274,9.5,37,19.7,no,0,72909.6,4722909.6,2752909.6,2752909.6
571,abaan,28,Private,103548,8.05,40,18.6,no,0,41419.2,4846419.2,2986419.2,2986419.2
572,abaas,41,Self-emp-not-inc,135135,4.67,30,16.1,no,0,54054,3521054,1911054,1911054
573,abad,53,Self-emp-not-inc,317313,10.24,48,16.1,no,0,126925.2,5950925.2,4340925.2,4340925.2
574,abagael,49,Private,177543,8.1,35,18.9,yes,15,71017.2,4381017.2,2491017.2,991017.2
575,abagail,55,Private,139834,13.09,40,18.9,no,0,55933.6,5364933.6,3474933.6,3474933.6
576,abagaile,29,Private,118478,8.79,50,18.9,no,0,47391.2,5926391.2,4036391.2,4036391.2
577,abagale,28,Self-emp-not-inc,147951,6.72,80,19.2,no,0,59180.4,8731180.4,6811180.4,6811180.4
578,abagayle,44,Private,201734,9.88,45,19.2,yes,15,80693.6,5568693.6,3648693.6,2148693.6
579,abai,41,Private,198196,5.52,45,19.2,no,0,79278.4,5131278.4,3211278.4,3211278.4
580,abaigael,26,Private,141876,7.54,45,19.2,no,0,56750.4,5310750.4,3390750.4,3390750.4
581,abaigail,23,Private,325179,6.78,40,18.7,no,0,130071.6,4808071.6,2938071.6,2938071.6
582,abaigeal,37,Self-emp-not-inc,143774,8.94,40,18.7,no,0,57509.6,4951509.6,3081509.6,3081509.6
583,abaigh,23,Private,152328,11.97,50,18.7,no,0,60931.2,6257931.2,4387931.2,4387931.2
584,aban,33,Private,479600,10.27,40,18.7,yes,15,191840,5218840,3348840,1848840
585,abana,44,Private,180599,12.34,40,18.7,no,0,72239.6,5306239.6,3436239.6,3436239.6
586,abanoub,21,Private,448026,9.1,30,18.7,yes,10,179210.4,4089210.4,2219210.4,1219210.4
587,abas,36,Private,300333,5.29,40,19,no,0,120133.2,4649133.2,2749133.2,2749133.2
588,abasi,44,Local-gov,184105,7.22,40,19,no,0,73642,4795642,2895642,2895642
589,abasi-ima,23,Private,202084,6.72,40,19,no,0,80833.6,4752833.6,2852833.6,2852833.6
590,abass,26,Private,135315,7.51,40,19,no,0,54126,4805126,2905126,2905126
591,abate,32,Private,247328,9.62,40,18.5,no,0,98931.2,5060931.2,3210931.2,3210931.2
592,abay,31,Private,188246,6.53,40,18.5,no,0,75298.4,4728298.4,2878298.4,2878298.4
593,abayomi,50,Local-gov,105788,12.86,35,18.5,no,0,42315.2,4828315.2,2978315.2,2978315.2
594,abaz,18,Self-emp-inc,352640,8.44,20,18.5,no,0,141056,2985056,1135056,1135056
595,abaza,49,Private,132576,5.5,50,17.8,no,0,53030.4,5603030.4,3823030.4,3823030.4
596,abb,59,Private,128829,5.7,40,17.8,no,0,51531.6,4621531.6,2841531.6,2841531.6
597,abba,38,Private,135135,8.81,28,17.8,no,0,54054,3735054,1955054,1955054
598,abbaas,50,Self-emp-inc,155965,8.2,55,17.8,no,0,62386,6382386,4602386,4602386
599,abbad,51,Self-emp-inc,335902,8.16,55,18.2,no,0,134360.8,6450360.8,4630360.8,4630360.8
600,abbagail,22,Private,158522,6.21,35,18.2,no,0,63408.8,4184408.8,2364408.8,2364408.8
601,abbagale,54,Private,174806,10.59,40,18.2,yes,15,69922.4,5128922.4,3308922.4,1808922.4
602,abbagayle,37,Private,135315,6.65,40,18,no,0,54126,4719126,2919126,2919126
603,abbaigh,31,Private,135135,11.34,60,18,no,0,54054,7188054,5388054,5388054
604,abbas,67,State-gov,168224,4.21,40,18,no,0,67289.6,4488289.6,2688289.6,2688289.6
605,abbas-hussein,43,?,180318,3.57,40,18,no,0,72127.2,4429127.2,2629127.2,2629127.2
606,abbass,21,Private,311376,6.19,40,18,no,0,124550.4,4743550.4,2943550.4,2943550.4
607,abbate,30,Private,101562,9.42,40,20.9,no,0,40624.8,4982624.8,2892624.8,2892624.8
608,abbdelrahmane,32,Local-gov,267859,7.67,50,20.9,yes,25,107143.6,5874143.6,3784143.6,1284143.6
609,abbe,36,Private,135315,10.63,40,20.9,no,0,54126,5117126,3027126,3027126
610,abbee,33,Local-gov,217304,13.44,40,20.9,no,0,86921.6,5430921.6,3340921.6,3340921.6
611,abbegail,37,Private,410034,12.33,56,20.9,no,0,164013.6,6997013.6,4907013.6,4907013.6
612,abbegale,29,Private,293073,16.47,48,20.9,no,0,117229.2,6564229.2,4474229.2,4474229.2
613,abbegayle,18,?,135135,18.66,30,20.9,no,0,54054,4920054,2830054,2830054
614,abbeigh,26,Private,247425,14.09,40,20.9,no,0,98970,5507970,3417970,3417970
615,abberger,51,Private,128338,12.27,40,20.9,no,0,51335.2,5278335.2,3188335.2,3188335.2
616,abbey,39,Private,189344,15.55,40,20.9,no,0,75737.6,5630737.6,3540737.6,3540737.6
617,abbey-leigh,18,Private,366154,13,30,20.9,no,0,146461.6,4446461.6,2356461.6,2356461.6
618,abbey-louise,52,Private,163051,10.16,40,17.8,no,0,65220.4,5081220.4,3301220.4,3301220.4
619,abbeygail,31,Private,437200,16.21,40,17.8,no,0,174880,5795880,4015880,4015880
620,abbeygale,45,Private,323798,17.09,53,17.8,no,0,129519.2,7138519.2,5358519.2,5358519.2
621,abbeygayle,38,Private,182570,10.45,38,17.8,yes,20,73028,4918028,3138028,1138028
622,abbi,21,Private,200318,15.76,35,17.8,no,0,80127.2,5156127.2,3376127.2,3376127.2
623,abbi-leigh,33,Private,135155,12.04,40,17.8,no,0,54062,5258062,3478062,3478062
624,abbi-louise,39,Private,130007,10.3,40,17.8,no,0,52002.8,5082002.8,3302002.8,3302002.8
625,abbi-mae,31,Private,166248,15.37,40,17.8,yes,15,66499.2,5603499.2,3823499.2,2323499.2
626,abbi-rose,43,Private,203554,13.61,50,17.8,no,0,81421.6,6442421.6,4662421.6,4662421.6
627,abbie,64,?,192715,14.37,10,19.1,no,0,77086,2514086,604086,604086
628,abbie-anne,33,Self-emp-inc,291333,14.27,45,19.1,no,0,116533.2,6043533.2,4133533.2,4133533.2
629,abbie-gail,49,Self-emp-not-inc,135155,17.93,60,19.1,no,0,54062,7847062,5937062,5937062
630,abbie-gayle,41,Private,266439,25.41,40,19.1,no,0,106575.6,6647575.6,4737575.6,4737575.6
631,abbie-grace,55,Self-emp-not-inc,126840,17.58,40,19.1,no,0,50736,5808736,3898736,3898736
632,abbie-j,52,Private,166419,14.81,37,19.1,no,0,66567.6,5247567.6,3337567.6,3337567.6
633,abbie-jai,42,Private,287129,27.26,40,19.1,no,0,114851.6,6840851.6,4930851.6,4930851.6
634,abbie-james,24,Private,206827,17.19,30,21.2,no,0,82730.8,4801730.8,2681730.8,2681730.8
635,abbie-jane,42,Private,173888,15.39,52,21.2,no,0,69555.2,6808555.2,4688555.2,4688555.2
636,abbie-jo,41,State-gov,253250,18.34,40,21.2,no,0,101300,5935300,3815300,3815300
637,abbie-lea,35,Private,337239,12.6,40,21.2,yes,10,134895.6,5394895.6,3274895.6,2274895.6
638,abbie-lee,71,?,113445,12.26,10,21.2,no,0,45378,2271378,151378,151378
639,abbie-lei,54,Federal-gov,201127,11.12,42,21.2,no,0,80450.8,5392450.8,3272450.8,3272450.8
640,abbie-leigh,24,Private,403107,15.03,40,21.2,no,0,161242.8,5664242.8,3544242.8,3544242.8
641,abbie-louise,59,?,179078,17.31,40,21.2,no,0,71631.2,5802631.2,3682631.2,3682631.2
642,abbie-mae,30,?,126402,16.96,40,21.2,no,0,50560.8,5746560.8,3626560.8,3626560.8
643,abbie-mai,57,Federal-gov,223892,16.9,40,21.2,no,0,89556.8,5779556.8,3659556.8,3659556.8
644,abbie-marie,58,State-gov,191318,14.59,40,21.2,no,0,76527.2,5535527.2,3415527.2,3415527.2
645,abbie-may,32,Private,394708,21.32,40,21.2,no,0,157883.2,6289883.2,4169883.2,4169883.2
646,abbie-rayne,22,Private,119474,18.46,25,21.2,no,0,47789.6,4393789.6,2273789.6,2273789.6
647,abbie-rose,20,Private,419984,24.16,25,21.2,no,0,167993.6,5083993.6,2963993.6,2963993.6
648,abbie-violet,60,?,164730,34.41,40,21.2,no,0,65892,7506892,5386892,5386892
649,abbiegail,51,Private,190678,26.82,40,14.7,no,0,76271.2,6758271.2,5288271.2,5288271.2
650,abbiegale,26,Local-gov,197897,26.42,20,14.7,no,0,79158.8,4721158.8,3251158.8,3251158.8
651,abbiegayle,33,Private,286675,29.29,40,14.7,no,0,114670,7043670,5573670,5573670
652,abbieleigh,19,Private,191986,27.8,40,14.7,no,0,76794.4,6856794.4,5386794.4,5386794.4
653,abbielouise,50,Self-emp-not-inc,90525,16.65,20,14.7,no,0,36210,3701210,2231210,2231210
654,abbigael,32,Private,56150,29.53,40,14.7,yes,20,22460,6975460,5505460,3505460
655,abbigail,51,Local-gov,248327,28.32,40,14.7,yes,20,99330.8,6931330.8,5461330.8,3461330.8
656,abbigaile,18,Private,90860,21.45,20,14.7,no,0,36344,4181344,2711344,2711344
657,abbigal,35,Federal-gov,104858,14.1,50,14.7,no,0,41943.2,6451943.2,4981943.2,4981943.2
658,abbigale,22,?,228686,13.28,25,14.7,yes,10,91474.4,3919474.4,2449474.4,1449474.4
659,abbigayl,46,Private,196707,12.12,55,14.7,no,0,78682.8,6790682.8,5320682.8,5320682.8
660,abbigayle,37,Private,135155,15.79,45,14.7,no,0,54062,6133062,4663062,4663062
661,abbighail,45,Private,135315,15.12,20,14.7,no,0,54126,3566126,2096126,2096126
662,abbilyn,63,Private,281025,15.02,32,14.7,no,0,112410,4814410,3344410,3344410
663,abbiney,53,Private,258832,16.14,10,14.7,yes,3,103532.8,2717532.8,1247532.8,947532.8
664,abbiss,24,Private,131220,4.59,40,14.7,no,0,52488,4511488,3041488,3041488
665,abbo,65,?,190454,6.43,29,14.7,no,0,76181.6,3619181.6,2149181.6,2149181.6
666,abbondanza,43,Private,315971,7.39,32,14.7,yes,16,126388.4,4065388.4,2595388.4,995388.4
667,abbondanzio,47,Private,265097,5.5,40,14.7,no,0,106038.8,4656038.8,3186038.8,3186038.8
668,abbondio,41,Private,185057,1.73,40,14.7,no,0,74022.8,4247022.8,2777022.8,2777022.8
669,abbot,27,Private,169557,1.92,40,14.7,no,0,67822.8,4259822.8,2789822.8,2789822.8
670,abbotsen,35,Self-emp-inc,333636,3.32,75,14.7,no,0,133454.4,7965454.4,6495454.4,6495454.4
671,abbotson,19,Private,181652,11.64,24,14.7,no,0,72660.8,3636660.8,2166660.8,2166660.8
672,abbotsun,47,Private,34307,9.81,35,14.7,no,0,13722.8,4494722.8,3024722.8,3024722.8
673,abbott,25,Federal-gov,198813,3.7,40,14.7,no,0,79525.2,4449525.2,2979525.2,2979525.2
674,abbottson,59,Local-gov,240030,12.14,40,14.7,yes,10,96012,5310012,3840012,2840012
675,abbra,28,Private,226089,11.1,40,14.7,no,0,90435.6,5200435.6,3730435.6,3730435.6
676,abbriella,17,Private,190941,11.32,20,14.7,yes,7,76376.4,3208376.4,1738376.4,1038376.4
677,abbrielle,21,Private,160261,14.43,50,14.7,no,0,64104.4,6507104.4,5037104.4,5037104.4
678,abby,31,Private,208458,12.03,40,14.7,no,0,83383.2,5286383.2,3816383.2,3816383.2
679,abby-gayle,49,Private,135155,14.69,40,16.6,no,0,54062,5523062,3863062,3863062
680,abby-leigh,48,Local-gov,135135,9.04,50,16.6,no,0,54054,5958054,4298054,4298054
681,abby-may,60,Self-emp-not-inc,121076,9.64,20,16.6,no,0,48430.4,3012430.4,1352430.4,1352430.4
682,abbye,33,Self-emp-not-inc,182556,5.33,40,16.6,no,0,73022.4,4606022.4,2946022.4,2946022.4
683,abbygael,40,Private,231348,10.11,40,16.6,no,0,92539.2,5103539.2,3443539.2,3443539.2
684,abbygail,42,Private,135135,6.29,52,16.6,no,0,54054,5883054,4223054,4223054
685,abbygaile,34,Private,344073,6.92,40,16.6,no,0,137629.2,4829629.2,3169629.2,3169629.2
686,abbygale,38,Federal-gov,318912,5.04,52,17.8,no,0,127564.8,5831564.8,4051564.8,4051564.8
687,abbygayl,58,Self-emp-not-inc,237546,7.56,70,17.8,no,0,95018.4,7851018.4,6071018.4,6071018.4
688,abbygayle,20,Private,346341,9.45,40,17.8,no,0,138536.4,5083536.4,3303536.4,3303536.4
689,abbylynn,52,Private,305090,4.82,55,17.8,no,0,122036,6104036,4324036,4324036
690,abcde,22,Local-gov,198478,5.68,40,17.8,no,0,79391.2,4647391.2,2867391.2,2867391.2
691,abd,24,Private,321435,13.98,35,17.8,no,0,128574,5026574,3246574,3246574
692,abd-alkudos,39,Private,259716,13.15,40,17.8,no,0,103886.4,5418886.4,3638886.4,3638886.4
693,abd-allah,41,Private,191547,4.45,55,17.8,no,0,76618.8,6021618.8,4241618.8,4241618.8
694,abd-alrahim,37,?,171482,6.68,30,15.2,no,0,68592.8,3736592.8,2216592.8,2216592.8
695,abd-ulmoeen,56,Private,225927,4.56,40,15.2,no,0,90370.8,4546370.8,3026370.8,3026370.8
696,abdal,21,Private,256504,5.39,40,15.2,no,0,102601.6,4641601.6,3121601.6,3121601.6
697,abdala,29,Private,168526,5.1,25,15.2,no,0,67410.4,3077410.4,1557410.4,1557410.4
698,abdalah,45,Private,135315,4.69,10,15.2,no,0,54126,1523126,3126,3126
699,abdalhai,44,Local-gov,159449,2.87,80,15.2,no,0,63779.6,8350779.6,6830779.6,6830779.6
700,abdalkhalq,54,Private,387540,5.03,45,15.6,no,0,155016,5158016,3598016,3598016
701,abdalla,24,Private,314819,4.38,40,15.6,no,0,125927.6,4563927.6,3003927.6,3003927.6
702,abdallah,40,Private,135135,2.97,50,14.4,no,0,54054,5351054,3911054,3911054
703,abdalmalak,43,State-gov,125831,4.08,60,12.6,no,0,50332.4,6458332.4,5198332.4,5198332.4
704,abdalmalik,20,?,239805,8.61,16,12.6,no,0,95922,2556922,1296922,1296922
705,abdalrahman,41,Self-emp-not-inc,264663,6.62,40,12.6,no,0,105865.2,4767865.2,3507865.2,3507865.2
706,abdalrhman,32,Private,294121,4.56,40,17,yes,10,117648.4,4573648.4,2873648.4,1873648.4
707,abdarahman,31,Private,135155,4.45,25,17,no,0,54062,2999062,1299062,1299062
708,abdas,26,Private,241626,7.43,40,14.7,yes,15,96650.4,4839650.4,3369650.4,1869650.4
709,abdel,50,State-gov,137815,3.11,40,14.7,no,0,55126,4366126,2896126,2896126
710,abdel-rahman,62,Self-emp-inc,153891,3.81,40,14.7,no,0,61556.4,4442556.4,2972556.4,2972556.4
711,abdelaziz,24,Private,83774,2.88,45,14.7,no,0,33509.6,4821509.6,3351509.6,3351509.6
712,abdelhadi,58,Private,199067,10.87,65,18.6,no,0,79626.8,7666626.8,5806626.8,5806626.8
713,abdelhamid,44,Self-emp-inc,135135,10.97,40,18.6,no,0,54054,5151054,3291054,3291054
714,abdelilah,44,Private,211517,18.06,40,18.6,no,0,84606.8,5890606.8,4030606.8,4030606.8
715,abdelkader,37,Self-emp-inc,132879,14.66,50,18.6,no,0,53151.6,6519151.6,4659151.6,4659151.6
716,abdelkareem,65,Self-emp-not-inc,135135,23.09,40,18.6,no,0,54054,6363054,4503054,4503054
717,abdelkarim,33,Private,135155,17.27,40,18.6,no,0,54062,5781062,3921062,3921062
718,abdelkrim,34,?,143582,23.98,37,18.6,no,0,57432.8,6155432.8,4295432.8,4295432.8
719,abdella,56,Self-emp-not-inc,174564,16.03,60,18.6,no,0,69825.6,7672825.6,5812825.6,5812825.6
720,abdellah,35,Private,179579,9.38,48,18.6,no,0,71831.6,5809831.6,3949831.6,3949831.6
721,abdelmadjid,33,Private,187618,29.55,40,18.6,no,0,75047.2,7030047.2,5170047.2,5170047.2
722,abdelmageed,35,Private,186819,9.47,48,18.6,no,0,74727.6,5821727.6,3961727.6,3961727.6
723,abdelmalek,47,Self-emp-not-inc,135135,13.51,60,16.4,no,0,54054,7405054,5765054,5765054
724,abdelrahim,35,Self-emp-not-inc,135135,9.69,96,16.4,no,0,54054,10623054,8983054,8983054
725,abdelrahman,56,Private,187355,17.92,40,16.4,no,0,74942,5866942,4226942,4226942
726,abdelrahmane,29,Self-emp-inc,218555,10.5,40,16.4,no,0,87422,5137422,3497422,3497422
727,abdelrauof,53,Self-emp-inc,135155,9.71,50,17.4,no,0,54062,6025062,4285062,4285062
728,abdelrhman,42,Private,204729,21.46,25,17.4,no,0,81891.6,4727891.6,2987891.6,2987891.6
729,abderahman,20,?,281668,9.93,40,17.4,no,0,112667.2,5105667.2,3365667.2,3365667.2
730,abderahmane,24,Private,236696,7.6,50,17.4,no,0,94678.4,5854678.4,4114678.4,4114678.4
731,abderrahman,33,Private,179747,4.14,40,17.4,yes,10,71898.8,4485898.8,2745898.8,1745898.8
732,abderrahmane,42,Private,187322,4.63,45,17.4,no,0,74928.8,5037928.8,3297928.8,3297928.8
733,abderraouf,38,State-gov,116975,3.13,50,17.4,yes,20,46790,5359790,3619790,1619790
734,abdeslam,32,Private,205950,6.36,40,17.4,no,0,82380,4718380,2978380,2978380
735,abdi,20,Self-emp-not-inc,190968,3.92,20,17.4,no,0,76387.2,2468387.2,728387.2,728387.2
736,abdia,32,Private,160458,3.76,50,17.4,no,0,64183.2,5440183.2,3700183.2,3700183.2
737,abdias,28,Local-gov,190911,11.65,40,17.4,no,0,76364.4,5241364.4,3501364.4,3501364.4
738,abdiasis,51,Private,135135,5.25,55,17.4,no,0,54054,6079054,4339054,4339054
739,abdiaziz,41,Local-gov,129793,2.47,30,17.4,no,0,51917.2,3298917.2,1558917.2,1558917.2
740,abdiel,37,Local-gov,270181,3.95,50,17.4,no,0,108072.4,5503072.4,3763072.4,3763072.4
741,abdifatah,23,Private,243723,8.05,40,17.4,no,0,97489.2,4902489.2,3162489.2,3162489.2
742,abdihafid,40,Private,168113,10.88,40,17.4,yes,10,67245.2,5155245.2,3415245.2,2415245.2
743,abdihakim,47,Private,652784,9.54,40,17.4,no,0,261113.6,5215113.6,3475113.6,3475113.6
744,abdihakin,46,Self-emp-not-inc,315984,4.73,50,17.4,yes,20,126393.6,5599393.6,3859393.6,1859393.6
745,abdihamid,24,Private,311311,6.36,40,16.6,yes,10,124524.4,4760524.4,3100524.4,2100524.4
746,abdija,40,Private,111336,7.37,28,16.6,no,0,44534.4,3581534.4,1921534.4,1921534.4
747,abdijabar,30,Self-emp-not-inc,100252,11.38,60,16.6,yes,25,40100.8,7178100.8,5518100.8,3018100.8
748,abdikadir,41,State-gov,186990,12.4,52,16.6,no,0,74796,6514796,4854796,4854796
749,abdikarim,37,State-gov,241633,11.22,45,16.6,no,0,96653.2,5718653.2,4058653.2,4058653.2
750,abdikarin,49,Federal-gov,252616,5.19,40,16.6,no,0,101046.4,4620046.4,2960046.4,2960046.4
751,abdikhaliq,41,Federal-gov,135315,12.5,50,19.1,yes,20,54126,6304126,4394126,2394126
752,hekking,52,Local-gov,266138,18.46,35,19.1,no,0,106455.2,5452455.2,3542455.2,3542455.2
753,hekla,23,Private,135135,9.16,50,19.1,no,0,54054,5970054,4060054,4060054
754,hektor,34,Private,361978,10.15,40,19.1,no,0,144791.2,5159791.2,3249791.2,3249791.2
755,hektoras,25,State-gov,135531,9.52,40,19.1,no,0,54212.4,5006212.4,3096212.4,3096212.4
756,hekuran,44,Self-emp-inc,315135,6.56,45,19.1,no,0,126054,5282054,3372054,3372054
757,hela,31,Local-gov,197550,5.9,33,19.1,no,0,79020,3969020,2059020,2059020
758,heladio,53,Private,170701,3.59,40,19.1,no,0,68280.4,4427280.4,2517280.4,2517280.4
759,helaena,62,Private,159822,3.53,50,19.1,no,0,63928.8,5416928.8,3506928.8,3506928.8
760,helai,35,Private,211494,3.54,55,19.1,no,0,84597.6,5938597.6,4028597.6,4028597.6
761,helaina,30,Federal-gov,340899,6.57,40,16.4,no,0,136359.6,4793359.6,3153359.6,3153359.6
762,helaine,48,State-gov,224752,9.25,40,16.4,no,0,89900.8,5014900.8,3374900.8,3374900.8
763,helal,36,Private,102568,3.11,40,15.9,no,0,41027.2,4352027.2,2762027.2,2762027.2
764,helali,32,Private,220690,5.12,33,13,no,0,88276,3900276,2600276,2600276
765,helam,22,Private,303170,7.79,28,13,no,0,121268,3700268,2400268,2400268
766,helaman,17,?,143331,6.9,40,13,no,0,57332.4,4747332.4,3447332.4,3447332.4
767,helan,19,Private,192162,9.59,40,13,no,0,76864.8,5035864.8,3735864.8,3735864.8
768,helana,26,Private,201635,7.26,40,13,no,0,80654,4806654,3506654,3506654
769,helane,20,?,315511,5.91,40,13,no,0,126204.4,4717204.4,3417204.4,3417204.4
770,helari,56,State-gov,133728,11.25,35,13,no,0,53491.2,4678491.2,3378491.2,3378491.2
771,helayna,45,Private,347025,8.1,21,13,no,0,138810,3048810,1748810,1748810
772,helayne,23,Private,110998,10.45,40,13,no,0,44399.2,5089399.2,3789399.2,3789399.2
773,helban,31,Private,122347,14.79,40,13,no,0,48938.8,5527938.8,4227938.8,4227938.8
774,helbert,30,Private,127875,7.44,8,13,no,0,51150,1595150,295150,295150
775,helbon,42,Private,167534,3.16,35,13,no,0,67013.6,3883013.6,2583013.6,2583013.6
776,helbona,27,State-gov,152560,13.65,60,18.6,no,0,61024,7426024,5566024,5566024
777,helbonia,37,Private,265144,13,50,18.6,yes,20,106057.6,6406057.6,4546057.6,2546057.6
778,helbonna,31,Private,302679,6.59,60,18.6,no,0,121071.6,6780071.6,4920071.6,4920071.6
779,helbonnah,33,Private,290763,7.73,40,18.6,no,0,116305.2,4889305.2,3029305.2,3029305.2
780,helbonnas,64,Private,135135,6.58,40,18.6,no,0,54054,4712054,2852054,2852054
781,heldana,32,Private,147118,3.53,40,17.6,no,0,58847.2,4411847.2,2651847.2,2651847.2
782,helder,62,?,103575,2.98,40,17.6,no,0,41430,4339430,2579430,2579430
783,heldreth,37,Private,169469,6.05,40,17.6,no,0,67787.6,4672787.6,2912787.6,2912787.6
784,heldur,25,Private,189334,4.16,40,17.6,no,0,75733.6,4491733.6,2731733.6,2731733.6
785,hele,49,Private,139571,7.19,40,17.6,no,0,55828.4,4774828.4,3014828.4,3014828.4
786,heleana,36,Private,111545,4.85,40,14.9,no,0,44618,4529618,3039618,3039618
787,heledd,67,Private,135135,3.76,15,14.9,no,0,54054,1930054,440054,440054
788,heleema,54,Private,307973,4.59,40,14.9,yes,15,123189.2,4582189.2,3092189.2,1592189.2
789,heleen,45,Local-gov,211666,3.01,40,14.9,no,0,84666.4,4385666.4,2895666.4,2895666.4
790,heleena,30,Private,143766,3.16,40,13.6,no,0,57506.4,4373506.4,3013506.4,3013506.4
791,heleina,39,State-gov,112812,7.85,40,15.3,no,0,45124.8,4830124.8,3300124.8,3300124.8
792,helem,57,Private,135135,8.23,20,15.3,yes,10,54054,2877054,1347054,347054
793,helen,57,Private,111385,12.93,40,18.2,no,0,44554,5337554,3517554,3517554
794,helen-louise,23,Self-emp-not-inc,145744,7.14,40,16.6,no,0,58297.6,4772297.6,3112297.6,3112297.6
795,helena,49,Local-gov,126754,7.6,40,16.6,no,0,50701.6,4810701.6,3150701.6,3150701.6
796,helenann,46,State-gov,135153,9.51,10,16.6,no,0,54061.2,2005061.2,345061.2,345061.2
797,helene,41,State-gov,135153,3.33,43,19.2,no,0,54061.2,4687061.2,2767061.2,2767061.2
798,helenka,44,Private,166740,3.56,45,19.2,no,0,66696,4922696,3002696,3002696
799,helenmae,25,Private,143062,4.7,30,19.2,no,0,57224.8,3527224.8,1607224.8,1607224.8
800,helenmarie,34,Local-gov,191957,8.58,45,16,yes,20,76782.8,5434782.8,3834782.8,1834782.8
801,helenna,24,Private,109456,10.4,25,16,no,0,43782.4,3583782.4,1983782.4,1983782.4
802,heleno,32,Private,198183,6.27,45,16,no,0,79273.2,5206273.2,3606273.2,3606273.2
803,heleri,27,Local-gov,157449,7.39,50,16,no,0,62979.6,5801979.6,4201979.6,4201979.6
804,heleyna,67,Private,135135,15.84,40,16,no,0,54054,5638054,4038054,4038054
805,helfand,36,Private,191754,4.97,40,14.8,no,0,76701.6,4573701.6,3093701.6,3093701.6
806,helfant,40,Private,320071,4.74,48,14.8,no,0,128028.4,5402028.4,3922028.4,3922028.4
807,helfer,24,Private,164574,6.07,40,14.8,no,0,65829.6,4672829.6,3192829.6,3192829.6
808,helfred,46,Private,185870,9.5,40,16.1,no,0,74348,5024348,3414348,3414348
809,helfrich,44,State-gov,165745,8.67,38,16.1,no,0,66298,4733298,3123298,3123298
810,helfrid,23,Self-emp-not-inc,135135,4.86,40,16.1,yes,20,54054,4540054,2930054,930054
811,helfried,46,Private,199378,6.93,90,18.4,no,0,79751.2,9772751.2,7932751.2,7932751.2
812,helfriede,31,Private,289889,8.93,40,18.4,no,0,115955.6,5008955.6,3168955.6,3168955.6
813,helga,21,Local-gov,152200,6.47,40,18.4,no,0,60880,4707880,2867880,2867880
814,helgard,61,Private,198231,7.53,40,18.4,no,0,79292.4,4832292.4,2992292.4,2992292.4
815,helge,71,Self-emp-not-inc,315134,4.54,15,18.4,no,0,126053.6,2080053.6,240053.6,240053.6
816,helgert,42,Private,135135,9.97,40,18.4,no,0,54054,5051054,3211054,3211054
817,helgeson,27,?,108926,12.64,5,18.4,no,0,43570.4,1807570.4,-32429.5999999999,-32429.5999999999
818,helgi,21,State-gov,204034,5.98,16,18.4,no,0,81613.6,2279613.6,439613.6,439613.6
819,helgine,21,Private,243368,11.72,25,18.4,no,0,97347.2,3769347.2,1929347.2,1929347.2
820,helgo,28,Local-gov,191088,7.9,60,18.4,no,0,76435.2,6866435.2,5026435.2,5026435.2
821,helgomar,27,Local-gov,194515,9.28,37,18.4,no,0,77806,4705806,2865806,2865806
822,helgrid,32,Private,135155,11.5,25,18.4,no,0,54062,3704062,1864062,1864062
823,helgrit,47,Private,125892,18.33,40,18.4,no,0,50356.8,5883356.8,4043356.8,4043356.8
824,heli,22,Private,37932,15.94,35,18.4,no,0,15172.8,5109172.8,3269172.8,3269172.8
825,helia,56,Private,249751,10.36,40,18.4,yes,20,99900.4,5135900.4,3295900.4,1295900.4
826,heliana,20,Private,191948,12.73,40,18.4,no,0,76779.2,5349779.2,3509779.2,3509779.2
827,heliane,30,Private,135135,7.2,40,19.6,no,0,54054,4774054,2814054,2814054
828,helidon,22,Private,176178,6.87,25,19.6,no,0,70471.2,3257471.2,1297471.2,1297471.2
829,heliette,28,Private,142764,7.7,45,19.6,yes,15,57105.6,5327105.6,3367105.6,1867105.6
830,helin,50,Private,148431,11.74,55,19.6,no,0,59372.4,6733372.4,4773372.4,4773372.4
831,helina,66,State-gov,148380,6.12,10,19.6,no,0,59352,1671352,-288648,-288648
832,helin√§,38,Private,314890,5.08,46,19.6,no,0,125956,5233956,3273956,3273956
833,helio,62,Private,177493,6.15,30,19.6,yes,10,70997.2,3685997.2,1725997.2,725997.2
834,heliodora,36,Federal-gov,327435,12.79,40,19.6,no,0,130974,5409974,3449974,3449974
835,heliodoro,47,Private,275967,9.97,35,16.9,no,0,110386.8,4607386.8,2917386.8,2917386.8
836,helios,25,Private,176520,7.34,40,16.9,no,0,70608,4804608,3114608,3114608
837,helis,26,Private,186463,9.09,40,16.9,no,0,74585.2,4983585.2,3293585.2,3293585.2
838,helissa,37,Private,135135,12.43,40,16.9,no,0,54054,5297054,3607054,3607054
839,helius,70,Self-emp-not-inc,323987,7.83,8,16.9,no,0,129594.8,1712594.8,22594.8000000003,22594.8000000003
840,helix,52,Private,192445,5.68,40,20.2,no,0,76978,4644978,2624978,2624978
841,helja,70,Private,142851,6.75,18,20.2,no,0,57140.4,2532140.4,512140.4,512140.4
842,helje,19,State-gov,135135,8.01,40,20.2,no,0,54054,4855054,2835054,2835054
843,heljo,23,Private,199011,9.8,3,20.2,no,0,79604.4,1359604.4,-660395.6,-660395.6
844,helju,37,Private,135155,10.56,16,20.2,no,0,54062,2710062,690062,690062
845,helj√§,37,Private,173963,8.51,40,20.2,no,0,69585.2,4920585.2,2900585.2,2900585.2
846,helka,45,State-gov,284763,9.74,40,20.2,yes,10,113905.2,5087905.2,3067905.2,2067905.2
847,helkai,29,Private,108775,9.29,50,20.2,no,0,43510,5972510,3952510,3952510
848,helke,56,Self-emp-not-inc,233312,5.49,20,15.5,no,0,93324.8,2642324.8,1092324.8,1092324.8
849,helko,50,Private,197826,8.65,40,15.9,no,0,79130.4,4944130.4,3354130.4,3354130.4
850,helky,20,Private,123007,7.18,30,17.6,no,0,49202.8,3767202.8,2007202.8,2007202.8
851,hella,26,Private,264012,4.61,40,17.6,no,0,105604.8,4566604.8,2806604.8,2806604.8
852,hellan,41,Self-emp-inc,214247,10.53,60,18.8,no,0,85698.8,7138698.8,5258698.8,5258698.8
853,hellard,21,Private,200121,12.67,40,18.8,no,0,80048.4,5347048.4,3467048.4,3467048.4
854,hellari,48,Self-emp-not-inc,138069,6.36,50,17.9,no,0,55227.6,5691227.6,3901227.6,3901227.6
855,hellat,22,Private,135431,5.99,40,17,no,0,54172.4,4653172.4,2953172.4,2953172.4
856,helle,37,State-gov,135131,5.89,35,19.7,no,0,54052.4,4143052.4,2173052.4,2173052.4
857,hellein,47,Private,135355,5.98,30,19.7,no,0,54142,3652142,1682142,1682142
858,hellen,61,Private,135135,5.49,40,18.3,no,0,54054,4603054,2773054,2773054
859,hellena,47,Local-gov,169699,7.79,40,18.3,no,0,67879.6,4846879.6,3016879.6,3016879.6
860,hellene,37,Private,115429,4.5,25,17,no,0,46171.6,2996171.6,1296171.6,1296171.6
861,heller,46,State-gov,96652,8.05,40,22,no,0,38660.8,4843660.8,2643660.8,2643660.8
862,hellevi,42,Self-emp-not-inc,103759,5.57,48,22,no,0,41503.6,5398503.6,3198503.6,3198503.6
863,hellfried,41,Private,135135,17.6,40,20.2,no,0,54054,5814054,3794054,3794054
864,hellgard,33,Local-gov,107215,13.27,40,20.2,no,0,42886,5369886,3349886,3349886
865,helli,24,Private,194630,11.48,35,20.2,yes,10,77852,4725852,2705852,1705852
866,hellin,27,Private,102142,12.67,40,20.2,no,0,40856.8,5307856.8,3287856.8,3287856.8
867,hellinger,40,Federal-gov,134638,7.79,39,20.2,no,0,53855.2,4732855.2,2712855.2,2712855.2
868,hellman,56,Private,135413,14.19,40,20.2,no,0,54165.2,5473165.2,3453165.2,3453165.2
869,hellmut,35,Federal-gov,207973,10.19,55,20.2,no,0,83189.2,6602189.2,4582189.2,4582189.2
870,hellmuth,24,Private,208946,14.64,40,20.2,no,0,83578.4,5547578.4,3527578.4,3527578.4
871,hellon,73,Self-emp-not-inc,252431,5.29,1,20.2,no,0,100972.4,729972.4,-1290027.6,-1290027.6
872,hellstrom,36,Private,251730,7.12,50,20.2,no,0,100692,5812692,3792692,3792692
873,helly,31,Private,301251,14,50,20.2,no,0,120500.4,6520500.4,4500500.4,4500500.4
874,hellyer,50,?,137632,13.33,45,20.2,no,0,55052.8,5888052.8,3868052.8,3868052.8
875,hell√§,36,Private,197274,3.26,40,20.2,no,0,78909.6,4404909.6,2384909.6,2384909.6
876,helm,37,Private,106043,3.73,40,20.2,yes,15,42417.2,4415417.2,2395417.2,895417.2
877,helma,26,Private,195636,2.96,55,20.2,no,0,78254.4,5874254.4,3854254.4,3854254.4
878,helman,20,Private,237956,9.53,40,20.2,no,0,95182.4,5048182.4,3028182.4,3028182.4
879,helmar,58,Private,135135,8.88,40,20.2,no,0,54054,4942054,2922054,2922054
880,helmbrecht,45,State-gov,276157,34.77,40,20.2,no,0,110462.8,7587462.8,5567462.8,5567462.8
881,helmer,33,?,207668,37.97,40,20.2,no,0,83067.2,7880067.2,5860067.2,5860067.2
882,helmes,31,Private,142921,13.44,40,20.2,no,0,57168.4,5401168.4,3381168.4,3381168.4
883,helmfried,44,Private,217039,23.24,60,20.2,no,0,86815.6,8410815.6,6390815.6,6390815.6
884,helmgard,19,Local-gov,259169,21.24,30,20.2,no,0,103667.6,5227667.6,3207667.6,3207667.6
885,helmi,54,Private,409173,23.69,50,20.2,no,0,163669.2,7532669.2,5512669.2,5512669.2
886,helmich,31,State-gov,135413,21.78,40,20.2,no,0,54165.2,6232165.2,4212165.2,4212165.2
887,helmie,27,Private,241431,17.21,35,20.2,no,0,96572.4,5317572.4,3297572.4,3297572.4
888,helmine,36,Private,151764,21.08,40,20.2,no,0,60705.6,6168705.6,4148705.6,4148705.6
889,helmke,47,Federal-gov,131726,23.6,40,20.2,no,0,52690.4,6412690.4,4392690.4,4392690.4
890,helmo,35,Private,334291,24.56,45,20.2,no,0,133716.4,7089716.4,5069716.4,5069716.4
891,helmrich,42,Private,135135,30.63,55,20.2,no,0,54054,8617054,6597054,6597054
892,helms,45,Private,370261,30.81,40,20.2,no,0,148104.4,7229104.4,5209104.4,5209104.4
893,helmsjr,70,Private,573446,28.28,40,20.2,no,0,229378.4,7057378.4,5037378.4,5037378.4
894,helmtraud,27,Local-gov,189775,31.99,44,20.2,no,0,75910,7674910,5654910,5654910
895,helmtraut,36,Private,312206,30.62,60,20.2,no,0,124882.4,9186882.4,7166882.4,7166882.4
896,helmtrud,23,Private,86939,20.85,40,20.2,no,0,34775.6,6119775.6,4099775.6,4099775.6
897,helmtrude,25,Private,221757,17.11,50,20.2,no,0,88702.8,6799702.8,4779702.8,4779702.8
898,helmut,45,Self-emp-not-inc,213140,18.76,45,20.2,no,0,85256,6461256,4441256,4441256
899,helmuth,24,Private,308673,25.68,30,20.2,no,0,123469.2,5691469.2,3671469.2,3671469.2
900,helmuts,90,Private,149069,15.17,50,20.2,no,0,59627.6,6576627.6,4556627.6,4556627.6
901,helmward,50,Private,134513,16.35,44,20.2,no,0,53805.2,6088805.2,4068805.2,4068805.2
902,helmy,37,Private,112158,17.12,99,20.2,no,0,44863.2,11656863.2,9636863.2,9636863.2
903,helny,31,Private,386299,19.37,40,20.2,no,0,154519.6,6091519.6,4071519.6,4071519.6
904,helo,17,Private,135155,19.92,40,20.2,no,0,54062,6046062,4026062,4026062
905,heloisa,26,Private,290286,30.59,38,20.2,yes,15,116114.4,6975114.4,4955114.4,3455114.4
906,heloise,41,Private,143069,29.97,60,20.2,no,0,57227.6,9054227.6,7034227.6,7034227.6
907,helon,50,Self-emp-inc,145714,26.77,60,20.2,no,0,58285.6,8735285.6,6715285.6,6715285.6
908,helouisa,45,Self-emp-not-inc,285570,20.32,80,20.2,no,0,114228,10146228,8126228,8126228
909,helo√≠sa,54,Self-emp-not-inc,399705,20.31,55,20.2,no,0,159882,7690882,5670882,5670882
910,helphensteine,54,Private,186224,19.77,40,20.2,yes,15,74489.6,6051489.6,4031489.6,2531489.6
911,helprin,38,Private,172918,27.38,40,20.2,no,0,69167.2,6807167.2,4787167.2,4787167.2
912,helrike,22,Private,198270,22.98,38,20.2,no,0,79308,6177308,4157308,4157308
913,helsa,43,Private,307767,23.34,40,20.2,no,0,123106.8,6457106.8,4437106.8,4437106.8
914,helse,19,?,208630,12.13,30,20.2,no,0,83452,4296452,2276452,2276452
915,helsea,30,Private,169002,26.4,40,20.2,yes,15,67600.8,6707600.8,4687600.8,3187600.8
916,helsell,31,?,186369,19.78,40,20.2,no,0,74547.6,6052547.6,4032547.6,4032547.6
917,helsie,42,Private,135155,10.11,40,20.2,no,0,54062,5065062,3045062,3045062
918,helsley,48,Private,197836,21.22,40,20.2,no,0,79134.4,6201134.4,4181134.4,4181134.4
919,helson,56,Private,140136,34.37,35,20.2,no,0,56054.4,6993054.4,4973054.4,4973054.4
920,helton,21,Local-gov,402230,20.08,36,20.2,no,0,160892,5768892,3748892,3748892
921,heltonjr,45,Private,167159,36.98,40,20.2,no,0,66863.6,7764863.6,5744863.6,5744863.6
922,heltrud,37,Private,116409,29.05,40,20.2,no,0,46563.6,6951563.6,4931563.6,4931563.6
923,helve,38,Local-gov,105161,25.79,30,20.2,no,0,42064.4,5621064.4,3601064.4,3601064.4
924,helver,34,Private,263908,26.64,50,20.2,no,0,105563.2,7769563.2,5749563.2,5749563.2
925,helveston,29,Private,189565,20.62,40,20.2,no,0,75826,6137826,4117826,4117826
926,helvey,24,Private,224059,22.74,40,20.2,no,0,89623.6,6363623.6,4343623.6,4343623.6
927,helvi,79,?,135315,15.02,23,20.2,no,0,54126,3856126,1836126,1836126
928,helvie,35,Private,240988,15.7,55,20.2,no,0,96395.2,7166395.2,5146395.2,5146395.2
929,helwart,39,Self-emp-not-inc,135153,14.1,70,20.2,yes,30,54061.2,8464061.2,6444061.2,3444061.2
930,helwig,73,Self-emp-not-inc,214498,23.29,12,20.2,no,0,85799.2,3614799.2,1594799.2,1594799.2
931,helwin,57,Private,186361,17.16,40,20.2,no,0,74544.4,5790544.4,3770544.4,3770544.4
932,hely,35,Self-emp-inc,165799,24.39,50,20.2,no,0,66319.6,7505319.6,5485319.6,5485319.6
933,helya,60,Private,266983,15.69,32,20.2,no,0,106793.2,4875793.2,2855793.2,2855793.2
934,helyn,19,?,165416,14.52,40,20.2,no,0,66166.4,5518166.4,3498166.4,3498166.4
935,helyne,54,Private,226497,21.52,40,20.2,no,0,90598.8,6242598.8,4222598.8,4222598.8
936,hel√©n,53,Self-emp-not-inc,135135,24.08,40,20.2,yes,10,54054,6462054,4442054,3442054
937,helƒìna,23,Private,177287,17.64,40,20.2,no,0,70914.8,5834914.8,3814914.8,3814914.8
938,hem,57,Self-emp-not-inc,135435,19.69,48,20.2,no,0,54174,6823174,4803174,4803174
939,hema,27,Self-emp-not-inc,147452,12.03,48,20.2,no,0,58980.8,6061980.8,4041980.8,4041980.8
940,hemal,25,Private,144334,16.22,40,20.2,no,0,57733.6,5679733.6,3659733.6,3659733.6
941,hemali,38,Private,217926,15.17,40,20.2,no,0,87170.4,5604170.4,3584170.4,3584170.4
942,heman,48,Private,153312,23.27,60,20.2,no,0,61324.8,8388324.8,6368324.8,6368324.8
943,hemanes,24,Private,126822,18.05,45,20.2,no,0,50728.8,6355728.8,4335728.8,4335728.8
944,hemani,67,Self-emp-inc,134315,26.45,40,20.2,no,0,53726,6698726,4678726,4678726
945,hemanshu,20,Private,171886,34.02,35,20.2,no,0,68754.4,6970754.4,4950754.4,4950754.4
946,hemant,38,Private,216319,22.88,40,20.2,no,0,86527.6,6374527.6,4354527.6,4354527.6
947,hemanth,54,Private,279337,22.11,40,20.2,no,0,111734.8,6322734.8,4302734.8,4302734.8
948,hembey,20,Self-emp-not-inc,115085,19.52,40,20.2,no,0,46034,5998034,3978034,3978034
949,hembree,57,Private,453233,16.59,55,20.2,no,0,181293.2,7340293.2,5320293.2,5320293.2
950,hemen,34,Federal-gov,400943,18.85,44,20.2,no,0,160377.2,6445377.2,4425377.2,4425377.2
951,hemenez,34,Private,226883,23.79,49,20.2,yes,20,90753.2,7369753.2,5349753.2,3349753.2
952,hemerson,80,Private,138050,23.98,16,20.2,yes,5,55220,4053220,2033220,1533220
953,hemi,40,Private,204585,17.79,40,20.2,yes,20,81834,5860834,3840834,1840834
954,hemingway,19,Local-gov,220558,16.44,35,20.2,no,0,88223.2,5232223.2,3212223.2,3212223.2
955,hemion,35,Private,198841,18.13,56,20.2,no,0,79536.4,7492536.4,5472536.4,5472536.4
956,hemish,21,Private,135413,19.31,40,20.2,no,0,54165.2,5985165.2,3965165.2,3965165.2
957,hemisha,59,Local-gov,135315,17.44,40,20.2,no,0,54126,5798126,3778126,3778126
958,hemke,53,Private,313555,17.73,40,20.2,no,0,125422,5898422,3878422,3878422
959,hemkea,41,Self-emp-not-inc,134724,17.27,40,20.2,no,0,53889.6,5780889.6,3760889.6,3760889.6
960,hemkeus,59,Private,109567,16.74,55,20.2,no,0,43826.8,7217826.8,5197826.8,5197826.8
961,hemko,21,?,132053,18.71,35,20.2,no,0,52821.2,5423821.2,3403821.2,3403821.2
962,hemlat,52,Private,157413,18.13,40,20.2,no,0,62965.2,5875965.2,3855965.2,3855965.2
963,hemlata,48,Private,238567,19.01,40,20.2,yes,10,95426.8,5996426.8,3976426.8,2976426.8
964,hemleta,24,Private,153133,16.94,40,20.2,no,0,61253.2,5755253.2,3735253.2,3735253.2
965,hemma,49,Private,186256,16.23,40,20.2,no,0,74502.4,5697502.4,3677502.4,3677502.4
966,hemme,19,Private,260265,14.7,50,20.2,no,0,104106,6574106,4554106,4554106
967,hemmelgarn,50,Private,131819,16.42,40,20.2,no,0,52727.6,5694727.6,3674727.6,3674727.6
968,hemmi,39,Private,141584,14.65,60,20.2,no,0,56633.6,7521633.6,5501633.6,5501633.6
969,hemmine,25,Private,245121,13.99,40,20.2,no,0,98048.4,5497048.4,3477048.4,3477048.4
970,hemminger,66,Private,134513,10.29,40,20.2,no,0,53805.2,5082805.2,3062805.2,3062805.2
971,hemmings,30,Private,134331,13.22,40,20.2,no,0,53732.4,5375732.4,3355732.4,3355732.4
972,hemmingway,49,Private,380922,14.13,80,20.2,no,0,152368.8,9565368.8,7545368.8,7545368.8
973,hemmo,40,Self-emp-not-inc,173651,17.15,45,20.2,no,0,69460.4,6284460.4,4264460.4,4264460.4
974,hemperley,38,Private,191137,21.32,40,20.2,no,0,76454.8,6208454.8,4188454.8,4188454.8
975,hemphill,25,Private,217006,18.13,40,20.2,no,0,86802.4,5899802.4,3879802.4,3879802.4
976,hemple,51,State-gov,134144,14.76,37,20.2,no,0,53657.6,5229657.6,3209657.6,3209657.6
977,hempstead,23,Local-gov,123414,16.29,40,20.2,no,0,49365.6,5678365.6,3658365.6,3658365.6
978,hempy,60,Self-emp-not-inc,123190,12.87,67,20.2,no,0,49276,8036276,6016276,6016276
979,hemraj,44,Private,110028,14.36,60,20.2,no,0,44011.2,7480011.2,5460011.2,5460011.2
980,hemuna,53,Self-emp-not-inc,174102,11.66,60,20.2,no,0,69640.8,7235640.8,5215640.8,5215640.8
981,hemza,66,Self-emp-not-inc,183249,18.14,20,20.2,no,0,73299.6,3887299.6,1867299.6,1867299.6
982,hen,18,?,240183,24.1,45,20.2,yes,20,96073.2,7006073.2,4986073.2,2986073.2
983,hena,44,Local-gov,123431,18.68,40,20.2,no,0,49372.4,5917372.4,3897372.4,3897372.4
984,henach,38,Private,113444,24.91,40,20.2,no,0,45377.6,6536377.6,4516377.6,4516377.6
985,henadz,30,Private,134314,18.03,40,20.2,no,0,53725.6,5856725.6,3836725.6,3836725.6
986,henadzi,36,Private,295706,13.11,42,20.2,no,0,118282.4,5629282.4,3609282.4,3609282.4
987,henal,38,Local-gov,273457,10.74,40,20.2,no,0,109382.8,5183382.8,3163382.8,3163382.8
988,henar,31,Federal-gov,165949,7.74,45,20.2,no,0,66379.6,5340379.6,3320379.6,3320379.6
989,henchell,26,Private,142152,7.01,35,20.2,no,0,56860.8,4257860.8,2237860.8,2237860.8
990,henchy,23,Private,189203,10.42,25,20.2,no,0,75681.2,3617681.2,1597681.2,1597681.2
991,hend,58,State-gov,179089,13.34,40,20.2,no,0,71635.6,5405635.6,3385635.6,3385635.6
992,hendee,44,Self-emp-not-inc,53956,10.58,40,20.2,no,0,21582.4,5079582.4,3059582.4,3059582.4
993,hendel,59,Self-emp-inc,77816,14.98,40,20.2,no,0,31126.4,5529126.4,3509126.4,3509126.4
994,henden,36,Local-gov,74593,11.45,40,20.2,no,0,29837.2,5174837.2,3154837.2,3154837.2
995,henderika,42,Private,196158,18.06,52,20.1,no,0,78463.2,7084463.2,5074463.2,5074463.2
996,henderikus,17,Private,28544,23.97,20,20.1,no,0,11417.6,4408417.6,2398417.6,2398417.6
997,henderling,59,Local-gov,662460,29.68,15,20.1,yes,5,264984,4732984,2722984,2222984
998,hendershot,22,Private,152328,18.07,40,20.1,no,0,60931.2,5867931.2,3857931.2,3857931.2
999,hendley,40,Private,120277,13.35,45,20.1,no,0,48110.8,5883110.8,3873110.8,3873110.8
