Product_ID,Gender,Age,Product_Category_1,Product_Category_2,Product_Category_3,Purchase
P00054542,F,26-35,1,2,3,11730
P00278942,M,36-45,1,2,3,15766
P00251642,M,0-17,1,2,4,4211
P0096642,F,51-55,2,3,4,13055
P00145042,F,0-17,1,2,5,19283
P00053942,F,0-17,1,2,5,19442
P00112642,F,18-25,1,2,5,19473
P00037142,M,18-25,1,2,5,15772
P00014842,F,18-25,1,2,5,11449
P00145042,M,26-35,1,2,5,15665
P00110842,F,26-35,1,2,5,19327
P00037142,M,26-35,1,2,5,15769
P00117042,M,26-35,1,2,5,15482
P00110842,F,26-35,1,2,5,15239
P00221342,F,26-35,1,2,5,11493
P00221342,F,36-45,1,2,5,15705
P00288942,M,36-45,1,2,5,15371
P00037142,M,36-45,1,2,5,7824
P00251942,M,36-45,1,2,5,11408
P00053942,M,36-45,1,2,5,7944
P00145042,F,46-50,1,2,5,19681
P00127942,M,55+,1,2,5,11605
P00166942,F,0-17,2,4,5,16187
P00190042,F,18-25,3,4,5,13551
P00350942,M,18-25,3,4,5,10783
P00000142,M,18-25,3,4,5,13353
P00190042,F,18-25,3,4,5,13400
P00189842,M,18-25,3,4,5,5596
P00190142,M,26-35,3,4,5,10766
P00216342,M,26-35,3,4,5,11031
P00289942,M,26-35,3,4,5,13575
P00350942,F,26-35,3,4,5,10930
P00289942,M,36-45,3,4,5,13253
P00190042,M,46-50,3,4,5,13251
P00289942,M,46-50,3,4,5,13717
P00100442,F,51-55,2,4,5,16018
P00216342,M,55+,3,4,5,10592
P00042142,M,26-35,1,2,6,11458
P00143642,M,26-35,1,2,6,11893
P00057942,M,36-45,1,2,6,11612
P00042142,M,51-55,1,2,6,15383
P00182142,F,36-45,1,5,6,15654
P00182342,M,46-50,1,5,6,12107
P00182142,M,46-50,1,5,6,19064
P00173942,F,46-50,1,5,6,11814
P00110742,M,18-25,1,2,8,15308
P00110742,M,26-35,1,2,8,15824
P00016342,F,26-35,1,2,8,11977
P00085942,F,18-25,2,4,8,15895
P00223842,F,18-25,2,4,8,3460
P00085942,F,36-45,2,4,8,16352
P00223842,F,36-45,2,4,8,3489
P00195842,F,46-50,3,4,8,7962
P00003442,F,0-17,4,5,8,2129
P00116842,M,36-45,2,5,8,13009
P00113242,M,18-25,1,6,8,19391
P00113242,M,26-35,1,6,8,15466
P00184442,M,26-35,1,6,8,15571
P00113242,F,36-45,1,6,8,11562
P00177442,M,36-45,1,6,8,15354
P00113242,M,36-45,1,6,8,19586
P00080342,M,36-45,1,6,8,15907
P00270542,M,46-50,1,6,8,11647
P00004242,F,46-50,1,6,8,11809
P00156742,M,51-55,5,6,8,1787
P00192542,M,18-25,1,2,9,15212
P00192542,M,18-25,1,2,9,7734
P00192542,M,26-35,1,2,9,15726
P00025442,M,26-35,1,2,9,15212
P00201342,M,36-45,1,2,9,8012
P00025442,M,36-45,1,2,9,19706
P00025442,M,36-45,1,2,9,15255
P00063342,M,51-55,1,2,9,12101
P00198142,F,0-17,2,4,9,12746
P00190742,F,18-25,3,4,9,10754
P00182642,F,36-45,2,4,9,12909
P0094542,F,36-45,2,4,9,16406
P00198142,M,36-45,2,4,9,13272
P00190742,M,51-55,3,4,9,8287
P00206442,M,18-25,1,5,9,15361
P00206442,M,18-25,1,5,9,3931
P00030942,M,26-35,4,5,9,2826
P00035842,M,26-35,5,6,9,6923
P00151842,F,18-25,4,8,9,2802
P00266642,M,26-35,1,8,9,7730
P00102642,M,26-35,4,8,9,2832
P00266642,M,46-50,1,8,9,15253
P00277642,F,46-50,2,3,10,12828
P00109242,M,26-35,6,8,10,20529
P00109242,M,26-35,6,8,10,15969
P00241642,F,26-35,1,2,11,19621
P00198742,F,46-50,1,2,11,11446
P00051942,M,18-25,5,6,11,6901
P00051942,F,46-50,5,6,11,3540
P00058142,M,0-17,3,4,12,8290
P00137642,F,0-17,3,4,12,11000
P00035542,F,0-17,3,4,12,10769
P0096542,F,18-25,3,4,12,5780
P00074142,F,18-25,3,4,12,3126
P00074142,M,18-25,3,4,12,8224
P00004842,F,18-25,3,4,12,5711
P00137642,M,18-25,3,4,12,5697
P00119142,M,26-35,3,4,12,13557
P00119142,M,26-35,3,4,12,5423
P00064042,M,55+,3,4,12,8248
P00053842,M,26-35,4,5,12,1460
P00031842,M,36-45,1,5,12,7601
P00113142,M,36-45,1,5,12,15628
P0096442,F,51-55,4,5,12,2074
P00119742,M,26-35,5,8,12,7019
P00245642,F,26-35,5,11,12,7175
P00245642,M,55+,5,11,12,8629
P00222242,F,18-25,1,2,13,15182
P00015542,M,18-25,1,2,13,11513
P00015542,M,26-35,1,2,13,8162
P00062842,F,26-35,1,2,13,11653
P00062842,F,36-45,1,2,13,3843
P00158542,F,18-25,5,6,13,5430
P00194642,M,18-25,1,6,13,8081
P00149542,M,18-25,1,6,13,4145
P00145942,M,26-35,6,8,13,20474
P00050442,M,46-50,1,8,13,15233
P00148642,F,36-45,6,10,13,12642
P00015942,M,36-45,6,10,13,16446
P00088242,F,36-45,6,10,13,12053
P00148642,F,46-50,6,10,13,15943
P00148642,F,51-55,6,10,13,12014
P00150942,M,18-25,6,11,13,20585
P00346442,M,26-35,1,2,14,3877
P00112142,F,26-35,1,2,14,12063
P00112142,F,36-45,1,2,14,19703
P00112142,M,46-50,1,2,14,19072
P00227642,F,0-17,1,5,14,15837
P00171542,M,18-25,2,5,14,3581
P00227642,M,26-35,1,5,14,11723
P00248942,F,0-17,1,6,14,15200
P00248942,M,18-25,1,6,14,11429
P00248942,M,18-25,1,6,14,19146
P00248942,F,26-35,1,6,14,15774
P00173342,M,26-35,1,6,14,4121
P00248942,M,26-35,1,6,14,11754
P00248942,F,36-45,1,6,14,15659
P00274342,F,18-25,2,8,14,6434
P00001142,M,18-25,5,8,14,3613
P00081142,M,18-25,6,8,14,12146
P00303442,M,26-35,1,8,14,11927
P00078742,M,26-35,5,8,14,5391
P00289342,M,26-35,5,8,14,3702
P00115342,M,26-35,5,8,14,6922
P00303842,M,26-35,5,8,14,5463
P00303842,F,26-35,5,8,14,8779
P00289342,M,26-35,5,8,14,5267
P00028542,M,26-35,6,8,14,16137
P00345842,M,26-35,2,8,14,16235
P00345842,M,36-45,2,8,14,16137
P00205442,F,36-45,5,8,14,7035
P00345842,M,36-45,2,8,14,9569
P00188542,F,36-45,5,8,14,5247
P00081142,F,36-45,6,8,14,16004
P00141942,M,46-50,5,8,14,3746
P00205442,M,46-50,5,8,14,6875
P00231342,F,51-55,5,8,14,5378
P00324742,F,18-25,2,9,14,16454
P00192042,M,26-35,5,9,14,6871
P00024142,M,26-35,8,9,14,10021
P00192042,M,26-35,5,9,14,5267
P0099042,M,18-25,5,12,14,8850
P00128242,F,26-35,5,12,14,7035
P00088542,F,36-45,5,12,14,6964
P00127842,M,0-17,1,2,15,11959
P00125942,M,0-17,1,2,15,19172
P00046742,M,18-25,1,2,15,15770
P00154042,F,18-25,1,2,15,19027
P00142142,F,18-25,1,2,15,4530
P00270942,M,18-25,1,2,15,12017
P00046742,M,18-25,1,2,15,15470
P00127442,M,26-35,1,2,15,8066
P00046742,M,26-35,1,2,15,19433
P00142142,M,26-35,1,2,15,11965
P00030842,M,26-35,1,2,15,15549
P00146142,M,26-35,1,2,15,11793
P00243942,M,26-35,1,2,15,19171
P00244142,M,26-35,1,2,15,12004
P00244142,M,26-35,1,2,15,8147
P00105142,F,26-35,1,2,15,15584
P00079742,M,26-35,1,2,15,8300
P00125942,M,26-35,1,2,15,15783
P00127842,F,26-35,1,2,15,15311
P00030842,M,26-35,1,2,15,7835
P00244242,F,36-45,1,2,15,11755
P00270942,M,36-45,1,2,15,19239
P00032042,M,36-45,1,2,15,11887
P00127642,M,36-45,1,2,15,15909
P00191442,M,36-45,1,2,15,15687
P00127642,M,36-45,1,2,15,19062
P00127542,F,36-45,1,2,15,3836
P00345742,M,36-45,1,2,15,11475
P00105142,M,51-55,1,2,15,8144
P00118342,F,18-25,2,3,15,15985
P00350442,M,36-45,2,3,15,3688
P00225842,M,18-25,2,4,15,9564
P00295942,M,18-25,2,5,15,16241
P00249542,M,26-35,1,5,15,19614
P00295942,M,36-45,2,5,15,6807
P00277442,M,18-25,1,6,15,11896
P00019342,M,18-25,1,6,15,11374
P00277442,M,26-35,1,6,15,15445
P00277442,M,26-35,1,6,15,11396
P00277442,M,36-45,1,6,15,15744
P00019342,M,51-55,1,6,15,15872
P00129842,M,26-35,6,8,15,16306
P00275842,M,26-35,2,9,15,16171
P00112542,M,0-17,1,11,15,7746
P00209742,M,26-35,1,11,15,19662
P00112542,M,26-35,1,11,15,15895
P00155442,M,26-35,1,11,15,11533
P00241242,M,26-35,1,11,15,15402
P00155442,F,36-45,1,11,15,15212
P00059742,M,36-45,1,11,15,19498
P00086442,M,26-35,8,13,15,7869
P00086442,F,46-50,8,13,15,5886
P00034042,M,18-25,1,2,16,11463
P00078542,M,26-35,1,2,16,11853
P00351342,M,26-35,1,2,16,8337
P00234842,F,0-17,5,6,16,2007
P00000642,M,18-25,1,6,16,19060
P00352142,M,18-25,1,6,16,15387
P00016542,M,26-35,1,6,16,11937
P00208742,M,26-35,1,6,16,8058
P00000642,M,26-35,1,6,16,15525
P00000642,F,26-35,1,6,16,15678
P00000642,M,36-45,1,6,16,12015
P00000642,M,36-45,1,6,16,18971
P00193042,M,51-55,5,6,16,7114
P00234842,M,55+,5,6,16,8714
P00059442,M,0-17,6,8,16,20679
P00059442,M,18-25,6,8,16,16709
P00028442,M,26-35,1,8,16,15285
P00148842,M,26-35,6,8,16,16477
P00028442,M,26-35,1,8,16,15901
P00137542,M,26-35,1,8,16,15161
P00059442,M,36-45,6,8,16,12486
P00028442,M,36-45,1,8,16,7762
P00262242,M,18-25,1,11,16,12098
P00262242,F,18-25,1,11,16,15871
P00262242,M,51-55,1,11,16,15257
P00324442,M,26-35,11,13,16,3101
P00160042,M,26-35,1,13,16,19416
P00116142,M,26-35,10,13,16,9732
P00346542,M,26-35,10,13,16,14070
P00346542,M,36-45,10,13,16,14650
P00034442,F,18-25,1,14,16,19313
P00087042,M,18-25,10,14,16,23233
P00036842,M,26-35,1,14,16,4528
P00154742,F,26-35,8,14,16,8124
P00036842,M,36-45,1,14,16,11788
P00036842,F,36-45,1,14,16,11694
P00036842,M,36-45,1,14,16,15351
P00036842,M,36-45,1,14,16,15635
P00087042,M,46-50,10,14,16,19131
P00087342,M,46-50,5,14,16,6863
P00057442,F,46-50,5,14,16,5332
P00233342,M,18-25,1,15,16,4304
P00345642,M,18-25,1,15,16,8067
P00329542,M,18-25,1,15,16,15879
P00345642,M,26-35,1,15,16,15812
P00114942,M,26-35,1,15,16,15783
P00016742,M,26-35,1,15,16,15859
P00151742,M,26-35,8,15,16,5851
P00165442,M,26-35,1,15,16,11846
P00233342,M,26-35,1,15,16,3847
P00329542,F,26-35,1,15,16,7773
P00159542,F,26-35,10,15,16,23595
P00111142,M,26-35,1,15,16,19696
P00111142,F,36-45,1,15,16,18963
P00237542,M,36-45,1,15,16,11370
P00144642,M,36-45,1,15,16,15756
P00240242,M,36-45,1,15,16,8130
P00071242,M,46-50,1,15,16,15827
P0097342,M,46-50,1,15,16,15418
P00165442,M,46-50,1,15,16,15801
P00161542,M,55+,2,15,16,10009
P00317642,M,36-45,1,2,17,19559
P00351142,M,18-25,1,8,17,12099
P00351142,M,18-25,1,8,17,15319
P00351142,M,18-25,1,8,17,15900
P00351142,M,18-25,1,8,17,19697
P00321742,M,18-25,5,8,17,5228
P00184942,M,18-25,1,8,17,19662
P00184942,M,18-25,1,8,17,19474
P00351142,F,18-25,1,8,17,19091
P00184942,M,18-25,1,8,17,12006
P00010742,M,26-35,1,8,17,19352
P00184942,F,26-35,1,8,17,11715
P00351142,M,26-35,1,8,17,12037
P00115142,F,26-35,1,8,17,19117
P00184942,M,26-35,1,8,17,12025
P00113342,M,26-35,1,8,17,15745
P00351142,M,36-45,1,8,17,15581
P00113342,M,36-45,1,8,17,15590
P00184942,M,46-50,1,8,17,19215
P00321742,F,46-50,5,8,17,3432
P00010742,F,46-50,1,8,17,15334
P00010742,F,51-55,1,8,17,7988
P00184942,M,51-55,1,8,17,19031
P00034742,M,18-25,5,14,17,5315
P00273442,F,18-25,12,14,17,1387
P00034742,M,18-25,5,14,17,8843
P00026042,F,26-35,8,14,17,3904
P00085242,F,26-35,8,14,17,8034
P00130742,M,26-35,1,14,17,19251
P00085242,F,26-35,8,14,17,6129
P00188742,M,36-45,8,14,17,7810
P00086042,M,36-45,8,14,17,8009
P00273442,F,46-50,12,14,17,1414
P00026042,F,46-50,8,14,17,8066
P00086042,M,46-50,8,14,17,8108
P00073842,M,18-25,1,15,17,15454
P00246142,M,36-45,1,15,17,19240
P00073842,M,51-55,1,15,17,15172
P00128042,M,18-25,1,5,18,15312
P00121342,F,26-35,1,5,18,15795
P00281742,M,26-35,5,8,18,8696
P00057742,M,36-45,2,8,18,16061
P00347242,M,55+,8,10,13,9703
P00118442,F,18-25,1,2,13,19672
P00120042,M,18-25,1,2,13,18974
P00110942,M,18-25,1,2,13,19462
P00110942,M,18-25,1,2,13,11516
P00197342,M,18-25,1,2,13,7924
P00193542,M,26-35,1,2,13,15227
P00193542,M,26-35,1,2,13,19278
P00183442,F,26-35,1,2,13,7996
P0098342,M,26-35,1,2,13,19446
P00183442,M,26-35,1,2,13,19406
P00193542,M,26-35,1,2,13,19252
P00118442,F,36-45,1,2,13,15347
P00120042,M,36-45,1,2,13,15697
P00118442,M,51-55,1,2,13,15671
P00248442,F,0-17,3,4,13,13337
P00172842,F,0-17,3,4,13,13667
P00282142,F,0-17,3,4,13,5349
P00187742,F,0-17,2,4,13,16320
P00060242,F,0-17,3,4,13,11055
P00068042,F,0-17,3,4,13,5597
P00195942,M,18-25,3,4,13,10681
P0096942,F,18-25,3,4,13,5755
P00059542,M,26-35,2,4,13,9734
P00015342,M,26-35,2,4,13,6407
P00058342,F,36-45,3,4,13,10946
P00249642,M,0-17,3,5,13,11023
P00106742,F,0-17,3,5,13,10578
P0094142,F,18-25,4,5,13,697
P00047242,M,18-25,1,5,13,7802
P00199042,M,18-25,1,5,13,15624
P00055642,M,26-35,4,5,13,1447
P00130442,M,26-35,3,5,13,8091
P0094142,M,26-35,4,5,13,1446
P00249642,F,26-35,3,5,13,8314
P00316742,M,26-35,4,5,13,2750
P00250542,M,26-35,4,5,13,1454
P00349942,M,36-45,1,5,13,15511
P00346942,M,36-45,1,5,13,8143
P00219242,M,46-50,4,5,13,811
P00057342,M,46-50,4,5,13,2846
P00106742,M,46-50,3,5,13,10767
P00316742,M,46-50,4,5,13,3524
P00190242,F,51-55,4,5,13,2079
P00047242,M,51-55,1,5,13,19608
P00036542,M,51-55,4,5,13,2141
P00145842,M,55+,4,5,13,1463
P00138542,F,18-25,5,6,13,7030
P00350342,M,18-25,1,6,13,4290
P00085042,M,18-25,5,6,13,7036
P00304242,M,26-35,1,6,13,15246
P00241542,M,26-35,1,6,13,3843
P00350342,M,26-35,1,6,13,15165
P00138542,F,26-35,5,6,13,8707
P00138542,M,36-45,5,6,13,8771
P00188442,M,18-25,5,7,13,6873
P00334242,F,0-17,1,8,13,18982
P0094942,F,0-17,4,8,13,2122
P00213242,M,18-25,5,8,13,8797
P00218242,M,18-25,5,8,13,5384
P00079542,M,18-25,5,8,13,1784
P00260042,M,18-25,5,8,13,6912
P00135742,M,18-25,6,8,13,12131
P00163142,M,18-25,6,8,13,20595
P00170642,M,18-25,5,8,13,6886
P00209842,M,18-25,5,8,13,8734
P00162642,M,18-25,5,8,13,6896
P00118842,M,18-25,5,8,13,7031
P00135742,M,18-25,6,8,13,19977
P00284642,M,18-25,5,8,13,6951
P00008542,M,18-25,2,8,13,9614
P00028242,M,18-25,6,8,13,4597
P00028842,M,18-25,6,8,13,15956
P00231142,M,18-25,5,8,13,5280
P00135742,M,26-35,6,8,13,16662
P00365242,M,26-35,5,8,13,6865
P00334242,M,26-35,1,8,13,19653
P00275142,M,26-35,5,8,13,5380
P00333042,M,26-35,5,8,13,3594
P00161942,M,26-35,5,8,13,5407
P00205642,F,26-35,5,8,13,6940
P00101342,M,26-35,6,8,13,16093
P00331542,F,26-35,5,8,13,6904
P00178942,F,26-35,5,8,13,8624
P00332342,F,26-35,5,8,13,7134
P00318742,M,26-35,1,8,13,11518
P00319342,M,26-35,5,8,13,8685
P00280742,M,26-35,6,8,13,16420
P00334242,M,26-35,1,8,13,15365
P00265242,M,26-35,5,8,13,8652
P00049842,M,26-35,1,8,13,15641
P00022942,M,26-35,5,8,13,5298
P00329442,M,26-35,5,8,13,8678
P00028842,M,26-35,6,8,13,20214
P00028242,M,26-35,6,8,13,20538
P00031442,F,26-35,5,8,13,8575
P00322042,M,26-35,5,8,13,6971
P00136542,M,26-35,5,8,13,7013
P0099342,M,36-45,5,8,13,2012
P00177942,M,36-45,5,8,13,7053
P00350042,M,36-45,6,8,13,12409
P00209842,F,36-45,5,8,13,7040
P00334242,M,36-45,1,8,13,3829
P00163342,M,36-45,6,8,13,16456
P00033642,M,36-45,5,8,13,8798
P00205642,M,36-45,5,8,13,6967
P00323842,M,36-45,2,8,13,16208
P00298142,M,36-45,5,8,13,6962
P00177942,M,36-45,5,8,13,3522
P00327242,M,46-50,5,8,13,5280
P00115242,M,46-50,5,8,13,1728
P00020042,F,46-50,5,8,13,3715
P00318742,F,46-50,1,8,13,15426
P00209842,F,46-50,5,8,13,6852
P00303242,F,46-50,5,8,13,8598
P00112442,M,46-50,6,8,13,16272
P00317442,M,51-55,1,8,13,15289
P00322042,M,55+,5,8,13,5248
P00223942,F,55+,5,8,13,8804
P00136542,M,55+,5,8,13,3667
P00199442,F,26-35,5,9,13,6889
P00199442,M,26-35,5,9,13,7038
P00259342,M,26-35,5,9,13,8655
P00259342,F,36-45,5,9,13,8718
P00199442,M,51-55,5,9,13,8812
P00344242,F,26-35,8,10,13,10058
P00320442,F,36-45,6,10,13,15957
P00320442,F,36-45,6,10,13,8667
P00344242,M,46-50,8,10,13,4035
P00344242,M,46-50,8,10,13,3921
P00251342,M,0-17,5,11,13,8773
P00276642,M,18-25,8,11,13,4152
P00251242,M,26-35,5,11,13,5254
P00118742,F,26-35,5,11,13,8690
P00182442,M,26-35,5,11,13,5252
P00251242,F,26-35,5,11,13,8775
P00251342,M,26-35,5,11,13,5415
P00128942,M,26-35,1,11,13,15419
P00251342,M,26-35,5,11,13,5432
P00118742,F,36-45,5,11,13,8886
P00276642,M,36-45,8,11,13,5848
P00251342,F,46-50,5,11,13,5352
P00220242,M,18-25,3,12,13,3055
P00265742,M,26-35,5,12,13,5417
P00186942,F,36-45,5,12,13,8770
P00336142,F,36-45,5,12,13,5284
P00222142,M,18-25,5,13,13,7092
P00248342,M,18-25,8,13,13,2159
P00189642,F,26-35,8,13,13,8027
P00248342,F,26-35,8,13,13,7797
P00119342,F,36-45,10,13,13,23792
P00302842,M,46-50,8,13,13,7852
P00085442,F,0-17,12,14,13,1057
P00117442,M,0-17,5,14,13,7011
P00129542,F,0-17,8,14,13,7821
P00238542,F,0-17,5,14,13,7088
P00157542,F,18-25,8,14,13,8011
P00115642,M,18-25,8,14,13,7801
P00313042,M,18-25,5,14,13,5168
P00133742,M,18-25,5,14,13,3449
P00247042,F,18-25,5,14,13,8593
P00330442,F,18-25,5,14,13,7165
P00143142,M,18-25,8,14,13,7763
P00260142,M,18-25,5,14,13,5432
P00328042,F,18-25,8,14,13,2233
P00270042,F,18-25,8,14,13,2114
P00121642,M,18-25,5,14,13,3638
P00150742,M,18-25,8,14,13,5936
P00034842,M,18-25,5,14,13,1754
P00322342,M,18-25,5,14,13,3611
P00035242,M,18-25,8,14,13,4012
P00135842,M,18-25,5,14,13,3759
P00184142,M,18-25,8,14,13,8115
P00049642,M,18-25,8,14,13,9849
P00303642,M,18-25,8,14,13,9812
P00220442,M,26-35,5,14,13,8584
P00161442,M,26-35,5,14,13,6973
P00252042,M,26-35,5,14,13,5356
P00023042,M,26-35,5,14,13,5195
P00144242,M,26-35,5,14,13,5220
P00223242,M,26-35,5,14,13,7048
P00103042,M,26-35,1,14,13,15849
P00085442,M,26-35,12,14,13,1752
P00003942,M,26-35,5,14,13,6987
P00001742,F,26-35,8,14,13,5857
P00176842,F,26-35,12,14,13,1735
P00184142,M,26-35,8,14,13,9756
P00045842,M,26-35,5,14,13,3743
P00012542,F,26-35,5,14,13,6954
P00058442,F,26-35,5,14,13,7041
P00121642,F,26-35,5,14,13,8778
P00002542,M,26-35,8,14,13,4072
P00150342,M,26-35,8,14,13,6188
P00207042,M,26-35,5,14,13,7064
P00052642,F,26-35,5,14,13,7011
P00021642,F,26-35,8,14,13,6089
P00007342,F,26-35,8,14,13,5844
P00141842,F,26-35,5,14,13,7179
P00197442,F,26-35,8,14,13,1990
P00048642,F,26-35,5,14,13,5471
P00085442,M,26-35,12,14,13,1434
P00217742,F,36-45,5,14,13,8702
P00313042,M,36-45,5,14,13,5183
P00121642,F,36-45,5,14,13,8599
P00220442,M,36-45,5,14,13,8858
P00229342,M,36-45,5,14,13,2028
P00085542,F,36-45,5,14,13,8645
P00194542,M,36-45,8,14,13,8081
P00001742,M,36-45,8,14,13,9712
P00223242,M,36-45,5,14,13,5304
P00279342,M,36-45,5,14,13,5314
P00217742,M,36-45,5,14,13,3631
P00212542,M,36-45,8,14,13,4018
P00119542,M,36-45,8,14,13,2209
P00227742,F,36-45,5,14,13,7110
P00288442,F,36-45,5,14,13,6866
P00141442,M,36-45,8,14,13,6123
P00223242,M,36-45,5,14,13,5185
P00129542,M,46-50,8,14,13,5839
P00129542,M,46-50,8,14,13,6153
P00309542,M,46-50,5,14,13,5319
P00066442,F,46-50,5,14,13,6950
P00212542,F,46-50,8,14,13,4028
P00045842,F,46-50,5,14,13,6986
P00040442,F,46-50,5,14,13,6862
P00045542,M,46-50,5,14,13,6975
P00058442,F,46-50,5,14,13,6938
P00002542,F,46-50,8,14,13,6010
P00312942,M,46-50,8,14,13,9821
P00058442,F,51-55,5,14,13,8851
P00083842,F,51-55,5,14,13,7159
P00273642,F,51-55,8,14,13,9695
P00002542,F,51-55,8,14,13,5900
P00117442,M,55+,5,14,13,8596
P00157542,M,55+,8,14,13,9788
P00223242,M,55+,5,14,13,5354
P00090842,M,18-25,11,15,13,7552
P00042242,M,18-25,5,15,13,3497
P00019142,M,18-25,11,15,13,3068
P00346342,M,18-25,1,15,13,11400
P00226442,M,18-25,11,15,13,3172
P00042242,M,26-35,5,15,13,5411
P00003242,M,26-35,8,15,13,6027
P00221542,M,26-35,5,15,13,7040
P00183242,M,26-35,5,15,13,5180
P00220142,M,26-35,1,15,13,11935
P00070542,M,26-35,3,15,13,13689
P00246742,M,26-35,11,15,13,1629
P00310142,M,26-35,5,15,13,6931
P00070542,M,26-35,3,15,13,13293
P00346142,M,26-35,1,15,13,19247
P00117942,F,26-35,5,15,13,7193
P00217242,M,26-35,1,15,13,12009
P00335442,M,26-35,1,15,13,7880
P00323942,M,26-35,8,15,13,9993
P00100642,M,26-35,5,15,13,5429
P00042942,M,26-35,1,15,13,15851
P00233542,M,36-45,1,15,13,19068
P00346142,F,36-45,1,15,13,15208
P00355142,M,36-45,1,15,13,15651
P00323942,F,36-45,8,15,13,9832
P00178642,F,36-45,5,15,13,7055
P00065342,M,36-45,2,15,13,6368
P00346142,M,46-50,1,15,13,15854
P00140742,M,46-50,1,15,13,15912
P00145442,M,46-50,8,15,13,7888
P00140742,M,46-50,1,15,13,11799
P00233542,M,46-50,1,15,13,15853
P00269542,M,46-50,11,15,13,6073
P00100642,M,51-55,5,15,13,8609
P00361842,F,0-17,15,16,13,17271
P00044142,F,18-25,8,16,13,5912
P0098242,M,18-25,1,16,13,15517
P00327842,F,18-25,8,16,13,9846
P00251542,F,18-25,11,16,13,6025
P00127242,M,18-25,1,16,13,15715
P00147942,M,18-25,1,16,13,15244
P00028042,M,18-25,1,16,13,8159
P00074442,M,18-25,1,16,13,11822
P00317942,F,18-25,8,16,13,7884
P00147342,M,18-25,15,16,13,12790
P00008842,M,18-25,1,16,13,15563
P00016042,M,18-25,1,16,13,11916
P00214242,M,18-25,1,16,13,7589
P00338442,F,18-25,1,16,13,11808
P00309142,M,18-25,1,16,13,8305
P00229742,M,18-25,1,16,13,11635
P00005042,M,18-25,6,16,13,19928
P00247542,M,26-35,8,16,13,5958
P00338442,M,26-35,1,16,13,11415
P00021242,M,26-35,8,16,13,6098
P00084442,F,26-35,13,16,13,758
P00208342,M,26-35,1,16,13,15524
P00044442,M,26-35,1,16,13,15469
P00147742,M,26-35,1,16,13,11925
P00147742,M,26-35,1,16,13,11420
P00187842,M,26-35,1,16,13,11430
P00162442,M,26-35,1,16,13,11404
P00317942,F,26-35,8,16,13,5878
P00127242,M,26-35,1,16,13,15734
P00042342,M,26-35,8,16,13,5996
P00117642,M,26-35,10,16,13,23603
P00050642,M,26-35,15,16,13,12850
P00001642,M,26-35,8,16,13,8045
P00304442,M,26-35,1,16,13,15479
P00133442,M,26-35,1,16,13,11601
P00159842,M,26-35,1,16,13,4251
P00317342,M,26-35,8,16,13,8140
P00005042,M,26-35,6,16,13,16128
P00044442,F,26-35,1,16,13,15688
P00293242,M,26-35,8,16,13,6018
P00046142,M,26-35,1,16,13,19091
P00048142,M,26-35,1,16,13,15800
P00004742,M,36-45,6,16,13,8481
P00198042,M,36-45,11,16,13,6108
P00112342,M,36-45,13,16,13,584
P00127242,M,36-45,1,16,13,7963
P00303342,M,36-45,1,16,13,11859
P00329742,F,36-45,6,16,13,12422
P00147942,M,36-45,1,16,13,19420
P00216142,M,36-45,1,16,13,19409
P00126142,M,36-45,8,16,13,7909
P00046142,M,36-45,1,16,13,15393
P00338442,M,36-45,1,16,13,11867
P00328142,M,36-45,8,16,13,5973
P00010842,M,36-45,8,16,13,6013
P00010842,M,36-45,8,16,13,9941
P00084642,M,36-45,13,16,13,929
P00009342,M,36-45,1,16,13,15492
P00267542,M,36-45,1,16,13,12111
P00061142,M,36-45,8,16,13,6187
P00127242,M,36-45,1,16,13,15244
P00084642,F,36-45,13,16,13,770
P00010842,F,36-45,8,16,13,9885
P00112342,F,36-45,13,16,13,959
P00140042,M,36-45,1,16,13,15544
P00198042,M,36-45,11,16,13,4681
P00327842,M,36-45,8,16,13,5881
P0097242,M,46-50,1,16,13,15686
P00216142,M,46-50,1,16,13,15333
P00001642,M,46-50,8,16,13,6129
P00165742,M,46-50,8,16,13,7994
P00338442,M,46-50,1,16,13,11693
P00010842,F,46-50,8,16,13,10022
P00139742,M,46-50,8,16,13,4039
P00332242,M,46-50,1,16,13,11476
P00361842,F,46-50,15,16,13,17320
P00078142,F,46-50,8,16,13,7890
P00303342,F,46-50,1,16,13,15739
P00304442,M,46-50,1,16,13,15378
P00132042,M,51-55,13,16,13,742
P00327842,M,51-55,8,16,13,7799
P00005042,M,51-55,6,16,13,8657
P00074442,M,51-55,1,16,13,11715
P00214242,M,51-55,1,16,13,7821
P00293242,M,55+,8,16,13,9859
P00160942,M,55+,1,16,13,15433
P00248542,M,55+,8,16,13,6078
P00051442,M,18-25,8,17,13,9879
P00284042,M,18-25,8,17,13,2304
P00071442,M,18-25,15,17,13,16651
P00192642,F,26-35,8,17,13,6171
P00117142,M,26-35,2,17,13,15903
P00120842,M,26-35,8,17,13,9894
P00120342,M,26-35,5,17,13,8637
P00115942,M,26-35,8,17,13,7908
P00051442,M,26-35,8,17,13,10024
P00176042,M,26-35,8,17,13,6146
P00051442,F,36-45,8,17,13,9735
P00175742,F,36-45,8,17,13,9956
P00115942,F,36-45,8,17,13,7773
P00120342,M,36-45,5,17,13,6923
P00101942,M,36-45,8,17,13,7995
P00111542,M,36-45,2,17,13,12920
P00120342,M,46-50,5,17,13,7179
P00111542,M,46-50,2,17,13,16122
P00331242,F,51-55,12,17,13,1432
P00118142,F,51-55,8,17,13,8088
P00051442,M,55+,8,17,13,7824
P00111542,M,55+,2,17,13,13324
P00690422,F,0-17,3,10,13,8370
P00087842,F,0-17,12,10,13,1422
P00339542,M,0-17,1,10,13,19525
P00124842,M,0-17,11,10,13,4654
P00250642,M,0-17,11,10,13,4664
P00244842,M,0-17,11,10,13,1539
P00317842,F,0-17,8,10,13,5935
P00330642,F,0-17,5,10,13,5277
P00031642,M,0-17,5,10,13,8588
P00340642,M,0-17,5,10,13,8817
P00366542,F,18-25,5,10,13,1780
P00258742,M,18-25,5,10,13,6976
P00021742,M,18-25,5,10,13,6973
P00077042,M,18-25,5,10,13,7177
P00280542,M,18-25,11,10,13,4570
P00192942,F,18-25,5,10,13,6996
P00150542,F,18-25,5,10,13,6917
P00347142,F,18-25,5,10,13,5329
P00326742,F,18-25,11,10,13,5942
P00218342,F,18-25,5,10,13,8701
P00259042,F,18-25,5,10,13,8757
P00279442,M,18-25,16,10,13,12464
P00235242,F,18-25,8,10,13,5915
P00123142,M,18-25,11,10,13,7614
P00103142,M,18-25,1,10,13,3978
P00305542,M,18-25,11,10,13,7478
P00031042,M,18-25,8,10,13,8043
P00234742,M,18-25,8,10,13,5881
P00021742,M,18-25,5,10,13,8587
P00214542,M,18-25,8,10,13,2226
P00289742,M,18-25,8,10,13,9938
P00249142,M,18-25,5,10,13,7076
P00255542,M,18-25,5,10,13,6909
P00250842,M,18-25,8,10,13,6144
P00027142,M,18-25,8,10,13,5986
P00370242,F,18-25,5,10,13,3545
P00340642,F,18-25,5,10,13,1868
P00358242,F,18-25,8,10,13,5916
P00255842,F,18-25,16,10,13,16416
P00278042,F,18-25,1,10,13,19464
P00014042,F,18-25,1,10,13,19394
P00115442,M,18-25,8,10,13,8075
P00212742,M,18-25,5,10,13,8801
P00154642,M,18-25,8,10,13,5945
P00109342,M,18-25,5,10,13,5418
P00017042,M,18-25,8,10,13,8127
P00270142,M,18-25,5,10,13,3709
P00367142,M,18-25,11,10,13,1498
P00013742,M,18-25,5,10,13,5289
P00250242,M,18-25,5,10,13,7170
P00250342,M,18-25,16,10,13,16772
P00317842,M,18-25,8,10,13,5953
P00214142,M,18-25,8,10,13,9756
P00159942,M,18-25,5,10,13,8744
P00249142,F,18-25,5,10,13,7059
P00010242,F,18-25,5,10,13,8844
P00014742,M,18-25,11,10,13,1534
P00079442,M,18-25,8,10,13,3923
P00283942,M,18-25,5,10,13,3506
P00208942,M,18-25,6,10,13,4000
P00340642,M,18-25,5,10,13,3460
P00305142,M,18-25,1,10,13,11575
P00138242,M,18-25,1,10,13,3916
P00035742,M,18-25,11,10,13,2952
P00111042,M,18-25,15,10,13,16856
P00238442,M,18-25,6,10,13,19966
P00270242,M,18-25,8,10,13,7786
P00318142,M,18-25,2,10,13,9752
P00110542,M,18-25,8,10,13,9942
P00014542,M,18-25,8,10,13,5966
P0098542,M,18-25,8,10,13,6182
P00031542,M,18-25,5,10,13,5346
P00258742,M,18-25,5,10,13,8902
P00274942,M,26-35,8,10,13,7871
P00014542,M,26-35,8,10,13,3957
P00031342,M,26-35,8,10,13,6073
P00156442,M,26-35,8,10,13,9872
P00213742,M,26-35,8,10,13,9743
P00214442,M,26-35,8,10,13,5982
P00039942,M,26-35,8,10,13,5887
P00166242,M,26-35,8,10,13,4209
P00348242,M,26-35,8,10,13,7803
P00346642,F,26-35,8,10,13,2230
P00043242,M,26-35,5,10,13,1848
P00057242,M,26-35,5,10,13,3624
P00022842,M,26-35,5,10,13,5275
P00346642,M,26-35,8,10,13,7814
P00323742,M,26-35,8,10,13,9836
P00116342,M,26-35,2,10,13,16500
P00357842,M,26-35,5,10,13,6967
P00174442,M,26-35,5,10,13,8621
P00282642,M,26-35,5,10,13,7030
P00150542,M,26-35,5,10,13,7172
P00197542,M,26-35,5,10,13,7171
P00048742,M,26-35,5,10,13,7139
P00110142,M,26-35,7,10,13,16280
P00267742,M,26-35,5,10,13,3664
P00331842,M,26-35,16,10,13,16866
P00288642,M,26-35,16,10,13,20442
P00288042,M,26-35,8,10,13,4013
P00313142,M,26-35,8,10,13,5914
P00195442,M,26-35,5,10,13,7176
P00255842,M,26-35,16,10,13,20961
P00312742,M,26-35,15,10,13,4338
P00303742,M,26-35,8,10,13,5897
P00323042,M,26-35,5,10,13,7001
P00344742,M,26-35,5,10,13,1747
P00288042,M,26-35,8,10,13,7781
P00041642,M,26-35,5,10,13,3694
P00050542,M,26-35,5,10,13,3696
P00006442,M,26-35,5,10,13,3580
P00335542,F,26-35,8,10,13,5845
P00117542,M,26-35,18,10,13,3794
P00089342,M,26-35,8,10,13,9856
P00288542,M,26-35,8,10,13,8000
P00212242,M,26-35,8,10,13,10038
P00302942,M,26-35,8,10,13,7796
P00026342,M,26-35,8,10,13,7820
P00114142,M,26-35,8,10,13,9940
P00271142,M,26-35,5,10,13,8842
P00348242,M,26-35,8,10,13,7959
P00282642,M,26-35,5,10,13,6855
P00288642,M,26-35,16,10,13,16579
P00041542,F,26-35,8,10,13,7973
P00278642,M,26-35,5,10,13,5223
P00021742,M,26-35,5,10,13,6996
P00014042,M,26-35,1,10,13,7836
P00019942,M,26-35,1,10,13,8289
P00366542,M,26-35,5,10,13,3612
P00013942,M,26-35,5,10,13,2021
P00014542,M,26-35,8,10,13,5959
P00021742,M,26-35,5,10,13,8649
P00358242,M,26-35,8,10,13,2018
P00232342,M,26-35,11,10,13,2967
P00179042,M,26-35,11,10,13,4543
P00180942,M,26-35,11,10,13,1474
P00037542,M,26-35,1,10,13,15383
P00100842,M,26-35,5,10,13,8709
P00250242,M,26-35,5,10,13,8751
P00152442,F,26-35,8,10,13,9972
P00218642,M,26-35,5,10,13,3622
P00020142,F,26-35,7,10,13,21002
P00274942,F,26-35,8,10,13,9746
P00227542,F,26-35,13,10,13,928
P00226742,F,26-35,11,10,13,1558
P00213742,M,26-35,8,10,13,6151
P00163842,M,26-35,8,10,13,6140
P00100842,M,26-35,5,10,13,7047
P00369742,M,26-35,5,10,13,8752
P00069042,M,26-35,3,10,13,10715
P00277942,M,26-35,1,10,13,15210
P00283942,M,26-35,5,10,13,6998
P00358742,F,26-35,5,10,13,6894
P00370342,F,26-35,8,10,13,7964
P00211142,F,26-35,5,10,13,5180
P00152742,F,26-35,5,10,13,7009
P00211042,F,26-35,5,10,13,5205
P00148342,F,26-35,5,10,13,7159
P00134342,F,26-35,5,10,13,7087
P00288042,M,26-35,8,10,13,7999
P00089442,M,26-35,8,10,13,7861
P00021742,M,26-35,5,10,13,7034
P00139942,M,26-35,5,10,13,6898
P00194442,M,26-35,5,10,13,5139
P00178442,M,26-35,5,10,13,5187
P00100842,M,26-35,5,10,13,6897
P00279642,M,26-35,7,10,13,8466
P00271142,M,26-35,5,10,13,8698
P00285742,M,26-35,8,10,13,8015
P00329342,M,26-35,5,10,13,5446
P00297942,F,36-45,8,10,13,5875
P00266842,F,36-45,5,10,13,8854
P00032442,F,36-45,5,10,13,5152
P00105942,F,36-45,5,10,13,7089
P00087242,F,36-45,14,10,13,7947
P00312142,F,36-45,8,10,13,10007
P00275642,F,36-45,8,10,13,4166
P00278642,F,36-45,5,10,13,6927
P00102442,M,36-45,8,10,13,5980
P00213742,M,36-45,8,10,13,9834
P00013742,F,36-45,5,10,13,5234
P00188942,F,36-45,8,10,13,9844
P00203142,F,36-45,16,10,13,16698
P00289542,F,36-45,8,10,13,8138
P00326642,F,36-45,8,10,13,7766
P00111442,F,36-45,8,10,13,7965
P00087242,F,36-45,14,10,13,11279
P00104842,M,36-45,8,10,13,9889
P00219842,M,36-45,5,10,13,7190
P00278642,M,36-45,5,10,13,5252
P00293742,F,36-45,8,10,13,7976
P00315442,F,36-45,1,10,13,11670
P00297642,F,36-45,8,10,13,6150
P00089042,F,36-45,13,10,13,940
P00337942,M,36-45,5,10,13,7108
P00274942,M,36-45,8,10,13,4102
P00274242,M,36-45,1,10,13,8310
P00013942,M,36-45,5,10,13,5149
P00102042,M,36-45,5,10,13,3627
P00248142,M,36-45,5,10,13,3639
P00278042,M,36-45,1,10,13,15181
P00348742,M,36-45,16,10,13,16379
P00007042,M,36-45,1,10,13,11971
P00338542,M,36-45,1,10,13,19304
P00339542,M,36-45,1,10,13,19090
P00121042,F,36-45,15,10,13,16616
P00027142,F,36-45,8,10,13,7968
P00114142,F,36-45,8,10,13,9932
P00116742,F,36-45,11,10,13,2944
P00289642,F,36-45,8,10,13,8057
P00101142,F,36-45,8,10,13,7892
P00203142,F,36-45,16,10,13,16813
P00129642,F,36-45,5,10,13,5381
P00274042,F,36-45,1,10,13,19177
P00091842,F,36-45,8,10,13,7805
P00294542,M,36-45,8,10,13,5865
P00174442,M,36-45,5,10,13,8697
P00248142,M,36-45,5,10,13,5415
P00022542,M,36-45,5,10,13,1916
P00252442,M,36-45,8,10,13,9795
P00289042,M,36-45,8,10,13,7948
P00105942,M,36-45,5,10,13,5474
P00285442,M,46-50,8,10,13,7854
P00111742,M,46-50,15,10,13,17391
P00293742,M,46-50,8,10,13,6074
P00032842,M,46-50,8,10,13,6119
P00351842,M,46-50,5,10,13,5265
P00241142,M,46-50,8,10,13,7909
P00154642,M,46-50,8,10,13,3897
P00102542,M,46-50,8,10,13,6109
P00285442,M,46-50,8,10,13,6139
P00121142,M,46-50,8,10,13,5897
P00228242,M,46-50,8,10,13,3990
P00110542,M,46-50,8,10,13,7995
P00279942,M,46-50,8,10,13,4124
P00303742,M,46-50,8,10,13,7772
P00124842,M,46-50,11,10,13,1582
P00210142,F,46-50,14,10,13,4325
P00303542,F,46-50,5,10,13,1828
P00228142,F,46-50,5,10,13,7159
P00156442,F,46-50,8,10,13,7968
P0097142,F,46-50,12,10,13,1720
P00212942,F,46-50,5,10,13,7061
P00283942,F,46-50,5,10,13,6868
P00170442,F,46-50,5,10,13,3624
P00120242,F,46-50,8,10,13,7809
P00313342,F,46-50,5,10,13,7019
P00003642,M,46-50,8,10,13,7857
P00323742,M,46-50,8,10,13,9753
P00183142,M,46-50,15,10,13,17403
P00298242,M,46-50,8,10,13,5823
P00300942,M,46-50,16,10,13,12163
P0097142,M,46-50,12,10,13,1058
P00195642,M,46-50,5,10,13,7085
P00244642,M,46-50,11,10,13,4497
P00090542,M,46-50,16,10,13,16498
P00274142,M,46-50,1,10,13,19234
P00250842,F,46-50,8,10,13,8126
P00124642,F,46-50,16,10,13,16828
P00304842,F,46-50,8,10,13,9872
P00240142,F,46-50,5,10,13,7141
P00024042,M,46-50,7,10,13,20915
P00313342,M,46-50,5,10,13,8689
P00064942,M,46-50,8,10,13,10062
P00125742,M,46-50,8,10,13,10040
P00285742,M,46-50,8,10,13,8065
P00299842,M,51-55,8,10,13,6198
P00313342,M,51-55,5,10,13,5185
P00114742,F,51-55,8,10,13,5899
P00113942,F,51-55,8,10,13,3993
P00120942,F,51-55,8,10,13,8084
P00317842,F,51-55,8,10,13,8007
P00030642,F,51-55,8,10,13,6141
P00331642,F,51-55,12,10,13,1384
P00050242,F,51-55,8,10,13,7864
P00131942,F,51-55,7,10,13,8784
P00150542,M,51-55,5,10,13,2048
P00003642,F,51-55,8,10,13,9878
P00178342,F,51-55,8,10,13,7771
P00114542,M,51-55,5,10,13,1827
P00119242,M,51-55,18,10,13,2318
P00057242,M,51-55,5,10,13,5375
P00214342,M,51-55,5,10,13,7021
P00181842,M,51-55,11,10,13,6053
P00304742,M,51-55,8,10,13,5955
P00307342,M,51-55,8,10,13,6139
P00285442,M,55+,8,10,13,7969
P00329342,M,55+,5,10,13,3482
P00362342,F,55+,5,10,13,1747
P00027542,M,55+,8,10,13,6122
P00029242,M,55+,8,10,13,7786
P0097842,M,55+,5,10,13,6975
P00214342,M,55+,5,10,13,2010
P00001942,M,55+,5,10,13,7178
P00291042,M,55+,8,10,13,7904
